Mod,ID,Name,Class Name
(global),1,Item,net.minecraft.entity.item.EntityItem
(global),2,XPOrb,net.minecraft.entity.item.EntityXPOrb
(global),3,soundEntity,crazypants.enderio.item.darksteel.SoundEntity
(global),4,rangeEntity,crazypants.enderio.machine.ranged.RangeEntity
(global),5,enderzoo.Enderminy,crazypants.enderzoo.entity.EntityEnderminy
(global),6,enderzoo.ConcussionCreeper,crazypants.enderzoo.entity.EntityConcussionCreeper
(global),7,enderzoo.FallenKnight,crazypants.enderzoo.entity.EntityFallenKnight
(global),8,LeashKnot,net.minecraft.entity.EntityLeashKnot
(global),9,Painting,net.minecraft.entity.item.EntityPainting
(global),10,Arrow,net.minecraft.entity.projectile.EntityArrow
(global),11,Snowball,net.minecraft.entity.projectile.EntitySnowball
(global),12,Fireball,net.minecraft.entity.projectile.EntityLargeFireball
(global),13,SmallFireball,net.minecraft.entity.projectile.EntitySmallFireball
(global),14,ThrownEnderpearl,net.minecraft.entity.item.EntityEnderPearl
(global),15,EyeOfEnderSignal,net.minecraft.entity.item.EntityEnderEye
(global),16,ThrownPotion,net.minecraft.entity.projectile.EntityPotion
(global),17,ThrownExpBottle,net.minecraft.entity.item.EntityExpBottle
(global),18,ItemFrame,net.minecraft.entity.item.EntityItemFrame
(global),19,WitherSkull,net.minecraft.entity.projectile.EntityWitherSkull
(global),20,PrimedTnt,net.minecraft.entity.item.EntityTNTPrimed
(global),21,FallingSand,net.minecraft.entity.item.EntityFallingBlock
(global),22,FireworksRocketEntity,net.minecraft.entity.item.EntityFireworkRocket
(global),23,enderzoo.FallenMount,crazypants.enderzoo.entity.EntityFallenMount
(global),24,enderzoo.WitherWitch,crazypants.enderzoo.entity.EntityWitherWitch
(global),25,enderzoo.WitherCat,crazypants.enderzoo.entity.EntityWitherCat
(global),26,enderzoo.DireWolf,crazypants.enderzoo.entity.EntityDireWolf
(global),27,enderzoo.DireSlime,crazypants.enderzoo.entity.EntityDireSlime
(global),28,EntityPrimedCharge,crazypants.enderzoo.charge.EntityPrimedCharge
(global),29,porcodon,de.katzenpapst.amunra.mob.entity.EntityPorcodon
(global),30,alienVillagerAR,de.katzenpapst.amunra.mob.entity.EntityARVillager
(global),31,robotVillager,de.katzenpapst.amunra.mob.entity.EntityRobotVillager
(global),32,sentryRobot,de.katzenpapst.amunra.mob.entity.EntitySentry
(global),33,alienBug,de.katzenpapst.amunra.mob.entity.EntityAlienBug
(global),34,osirisBoss,de.katzenpapst.amunra.mob.entity.EntityMummyBoss
(global),35,bloodTNT,com.arc.bloodarsenal.common.entity.EntityBloodTNT
(global),36,EntityPermItem,makeo.gadomancy.common.entities.EntityPermNoClipItem
(global),37,EntityAuraCore,makeo.gadomancy.common.entities.EntityAuraCore
(global),38,FakePlayerEntity,makeo.gadomancy.common.entities.player.FakePlayerEntity
(global),39,EntityItemElement,makeo.gadomancy.common.entities.EntityItemElement
(global),40,MinecartCommandBlock,mods.railcraft.common.carts.EntityCartCommand
(global),41,Boat,net.minecraft.entity.item.EntityBoat
(global),42,MinecartRideable,mods.railcraft.common.carts.EntityCartBasic
(global),43,MinecartChest,mods.railcraft.common.carts.EntityCartChest
(global),44,MinecartFurnace,mods.railcraft.common.carts.EntityCartFurnace
(global),45,MinecartTNT,mods.railcraft.common.carts.EntityCartTNT
(global),46,MinecartHopper,net.minecraft.entity.item.EntityMinecartHopper
(global),47,MinecartSpawner,net.minecraft.entity.ai.EntityMinecartMobSpawner
(global),48,Mob,net.minecraft.entity.EntityLiving
(global),49,Monster,net.minecraft.entity.monster.EntityMob
(global),50,Creeper,net.minecraft.entity.monster.EntityCreeper
(global),51,Skeleton,net.minecraft.entity.monster.EntitySkeleton
(global),52,Spider,net.minecraft.entity.monster.EntitySpider
(global),53,Giant,net.minecraft.entity.monster.EntityGiantZombie
(global),54,Zombie,net.minecraft.entity.monster.EntityZombie
(global),55,Slime,net.minecraft.entity.monster.EntitySlime
(global),56,Ghast,net.minecraft.entity.monster.EntityGhast
(global),57,PigZombie,net.minecraft.entity.monster.EntityPigZombie
(global),58,Enderman,chylex.hee.entity.mob.EntityMobEnderman
(global),59,CaveSpider,net.minecraft.entity.monster.EntityCaveSpider
(global),60,Silverfish,net.minecraft.entity.monster.EntitySilverfish
(global),61,Blaze,net.minecraft.entity.monster.EntityBlaze
(global),62,LavaSlime,net.minecraft.entity.monster.EntityMagmaCube
(global),63,EnderDragon,net.minecraft.entity.boss.EntityDragon
(global),64,WitherBoss,net.minecraft.entity.boss.EntityWither
(global),65,Bat,net.minecraft.entity.passive.EntityBat
(global),66,Witch,net.minecraft.entity.monster.EntityWitch
(global),90,Pig,net.minecraft.entity.passive.EntityPig
(global),91,Sheep,net.minecraft.entity.passive.EntitySheep
(global),92,Cow,net.minecraft.entity.passive.EntityCow
(global),93,Chicken,net.minecraft.entity.passive.EntityChicken
(global),94,Squid,net.minecraft.entity.passive.EntitySquid
(global),95,Wolf,net.minecraft.entity.passive.EntityWolf
(global),96,MushroomCow,net.minecraft.entity.passive.EntityMooshroom
(global),97,SnowMan,net.minecraft.entity.monster.EntitySnowman
(global),98,Ozelot,net.minecraft.entity.passive.EntityOcelot
(global),99,VillagerGolem,net.minecraft.entity.monster.EntityIronGolem
(global),100,EntityHorse,net.minecraft.entity.passive.EntityHorse
(global),120,Villager,net.minecraft.entity.passive.EntityVillager
(global),200,EnderCrystal,chylex.hee.entity.block.EntityBlockEnderCrystal
(global),256,GalacticraftCore.EvolvedSpider,micdoodle8.mods.galacticraft.core.entities.EntityEvolvedSpider
(global),257,GalacticraftCore.EvolvedZombie,micdoodle8.mods.galacticraft.core.entities.EntityEvolvedZombie
(global),258,GalacticraftCore.EvolvedCreeper,micdoodle8.mods.galacticraft.core.entities.EntityEvolvedCreeper
(global),259,GalacticraftCore.EvolvedSkeleton,micdoodle8.mods.galacticraft.core.entities.EntityEvolvedSkeleton
(global),260,GalacticraftCore.EvolvedSkeletonBoss,micdoodle8.mods.galacticraft.core.entities.EntitySkeletonBoss
(global),261,GalacticraftCore.AlienVillager,micdoodle8.mods.galacticraft.core.entities.EntityAlienVillager
(global),262,GalacticraftMars.Sludgeling,micdoodle8.mods.galacticraft.planets.mars.entities.EntitySludgeling
(global),263,GalacticraftMars.Slimeling,micdoodle8.mods.galacticraft.planets.mars.entities.EntitySlimeling
(global),264,GalacticraftMars.CreeperBoss,micdoodle8.mods.galacticraft.planets.mars.entities.EntityCreeperBoss
(global),265,GalacticraftCore.EvolvedBossBlaze,galaxyspace.core.entity.boss.EntityBlazeBoss
(global),266,GalacticraftCore.EvolvedBossGhast,galaxyspace.core.entity.boss.EntityGhastBoss
(global),267,GalacticraftCore.EvolvedCrystalBoss,galaxyspace.core.entity.boss.EntityCrystalBoss
(global),268,GalacticraftCore.EvolvedBossSlime,galaxyspace.core.entity.boss.EntitySlimeBoss
(global),269,GalacticraftCore.EvolvedBossWolf,galaxyspace.core.entity.boss.EntityWolfBoss
(global),270,GalacticraftCore.EvolvedFireCreeper,galaxyspace.core.entity.mob.EntityEvolvedFireCreeper
(global),271,GalacticraftCore.EvolvedFireSkeleton,galaxyspace.core.entity.mob.EntityEvolvedFireSkeleton
(global),272,GalacticraftCore.EvolvedFireSpider,galaxyspace.core.entity.mob.EntityEvolvedFireSpider
(global),273,GalacticraftCore.EvolvedEnderman,galaxyspace.core.entity.mob.EntityEvolvedEnderman
(global),274,GalacticraftCore.Tentacles,galaxyspace.core.entity.mob.EntityTentacles
(global),275,GalacticraftCore.EvolvedColdBlaze,galaxyspace.core.entity.mob.EntityEvolvedColdBlaze
(global),276,GalacticraftCore.Crawler,galaxyspace.core.entity.mob.EntityCrawler
(global),277,GalacticraftCore.EvolvedBlaze,galaxyspace.core.entity.mob.EntityEvolvedBlaze
(global),301,BiomesOPlenty.JungleSpider,biomesoplenty.common.entities.EntityJungleSpider
(global),302,BiomesOPlenty.Rosester,biomesoplenty.common.entities.EntityRosester
(global),303,BiomesOPlenty.Glob,biomesoplenty.common.entities.EntityGlob
(global),304,BiomesOPlenty.Phantom,biomesoplenty.common.entities.EntityPhantom
(global),305,BiomesOPlenty.Wasp,biomesoplenty.common.entities.EntityWasp
(global),306,BiomesOPlenty.Bird,biomesoplenty.common.entities.EntityBird
(global),307,BiomesOPlenty.Pixie,biomesoplenty.common.entities.EntityPixie
(global),308,EMT.archer,emt.entity.EntityArcher
(global),500,etfuturum.rabbit,ganymedes01.etfuturum.entities.EntityRabbit
(global),501,etfuturum.endermite,ganymedes01.etfuturum.entities.EntityEndermite
(global),502,etfuturum.husk,ganymedes01.etfuturum.entities.EntityHusk
(global),503,etfuturum.stray,ganymedes01.etfuturum.entities.EntityStray
(global),504,etfuturum.villager_zombie,ganymedes01.etfuturum.entities.EntityZombieVillager
(global),505,etfuturum.shulker,ganymedes01.etfuturum.entities.EntityShulker
(global),506,etfuturum.fox,ganymedes01.etfuturum.entities.EntityFox
(global),6396,witchery.demon,com.emoniph.witchery.entity.EntityDemon
(global),6397,witchery.mandrake,com.emoniph.witchery.entity.EntityMandrake
(global),6398,witchery.treefyd,com.emoniph.witchery.entity.EntityTreefyd
(global),6399,witchery.hornedHuntsman,com.emoniph.witchery.entity.EntityHornedHuntsman
(global),6400,witchery.ent,com.emoniph.witchery.entity.EntityEnt
(global),6401,witchery.owl,com.emoniph.witchery.entity.EntityOwl
(global),6402,witchery.toad,com.emoniph.witchery.entity.EntityToad
(global),6403,witchery.babayaga,com.emoniph.witchery.entity.EntityBabaYaga
(global),6404,witchery.covenwitch,com.emoniph.witchery.entity.EntityCovenWitch
(global),6405,witchery.nightmare,com.emoniph.witchery.entity.EntityNightmare
(global),6406,witchery.spectre,com.emoniph.witchery.entity.EntitySpectre
(global),6407,witchery.poltergeist,com.emoniph.witchery.entity.EntityPoltergeist
(global),6408,witchery.banshee,com.emoniph.witchery.entity.EntityBanshee
(global),6409,witchery.spirit,com.emoniph.witchery.entity.EntitySpirit
(global),6410,witchery.death,com.emoniph.witchery.entity.EntityDeath
(global),6411,witchery.witchhunter,com.emoniph.witchery.entity.EntityWitchHunter
(global),6412,witchery.lordoftorment,com.emoniph.witchery.entity.EntityLordOfTorment
(global),6413,witchery.imp,com.emoniph.witchery.entity.EntityImp
(global),6414,witchery.mindrake,com.emoniph.witchery.entity.EntityMindrake
(global),6415,witchery.goblin,com.emoniph.witchery.entity.EntityGoblin
(global),6416,witchery.goblinmog,com.emoniph.witchery.entity.EntityGoblinMog
(global),6417,witchery.goblingulg,com.emoniph.witchery.entity.EntityGoblinGulg
(global),6418,witchery.leonard,com.emoniph.witchery.entity.EntityLeonard
(global),6419,witchery.lostsoul,com.emoniph.witchery.entity.EntityLostSoul
(global),6420,witchery.wolfman,com.emoniph.witchery.entity.EntityWolfman
(global),6421,witchery.hellhound,com.emoniph.witchery.entity.EntityHellhound
(global),6422,witchery.werevillager,com.emoniph.witchery.entity.EntityVillagerWere
(global),6423,witchery.villageguard,com.emoniph.witchery.entity.EntityVillageGuard
(global),6424,witchery.vampire,com.emoniph.witchery.entity.EntityVampire
(global),6425,witchery.lilith,com.emoniph.witchery.entity.EntityLilith
(global),6426,witchery.wingedmonkey,com.emoniph.witchery.entity.EntityWingedMonkey
(global),6427,witchery.reflection,com.emoniph.witchery.entity.EntityReflection
123Technology,0,123Technology.CustomPlayer,com.newmaa.othtech.common.entity.EntityFakePlayer
123Technology,1,123Technology.entityNukeThrowable,com.newmaa.othtech.common.entity.EntityNukeThrowable
123Technology,2,123Technology.DogYellow,com.newmaa.othtech.common.entity.EntityDogYellow
AWWayofTime,0,AWWayofTime.energyBlastProjectile,WayofTime.alchemicalWizardry.common.entity.projectile.EnergyBlastProjectile
AWWayofTime,1,AWWayofTime.fireProjectile,WayofTime.alchemicalWizardry.common.entity.projectile.FireProjectile
AWWayofTime,2,AWWayofTime.iceProjectile,WayofTime.alchemicalWizardry.common.entity.projectile.IceProjectile
AWWayofTime,3,AWWayofTime.explosionProjectile,WayofTime.alchemicalWizardry.common.entity.projectile.ExplosionProjectile
AWWayofTime,4,AWWayofTime.holyProjectile,WayofTime.alchemicalWizardry.common.entity.projectile.HolyProjectile
AWWayofTime,5,AWWayofTime.windGustProjectile,WayofTime.alchemicalWizardry.common.entity.projectile.WindGustProjectile
AWWayofTime,6,AWWayofTime.lightningBoltProjectile,WayofTime.alchemicalWizardry.common.entity.projectile.LightningBoltProjectile
AWWayofTime,7,AWWayofTime.waterProjectile,WayofTime.alchemicalWizardry.common.entity.projectile.WaterProjectile
AWWayofTime,8,AWWayofTime.mudProjectile,WayofTime.alchemicalWizardry.common.entity.projectile.MudProjectile
AWWayofTime,9,AWWayofTime.teleportProjectile,WayofTime.alchemicalWizardry.common.entity.projectile.TeleportProjectile
AWWayofTime,10,AWWayofTime.energyBazookaMain,WayofTime.alchemicalWizardry.common.entity.projectile.EntityEnergyBazookaMainProjectile
AWWayofTime,11,AWWayofTime.energyBazookaSecondary,WayofTime.alchemicalWizardry.common.entity.projectile.EntityEnergyBazookaSecondaryProjectile
AWWayofTime,12,AWWayofTime.bloodLightProjectile,WayofTime.alchemicalWizardry.common.entity.projectile.EntityBloodLightProjectile
AWWayofTime,13,AWWayofTime.meteor,WayofTime.alchemicalWizardry.common.entity.projectile.EntityMeteor
AWWayofTime,14,AWWayofTime.spellProjectile,WayofTime.alchemicalWizardry.api.spell.EntitySpellProjectile
AWWayofTime,15,AWWayofTime.particleBeam,WayofTime.alchemicalWizardry.common.entity.projectile.EntityParticleBeam
AWWayofTime,16,AWWayofTime.catalogueEntityItem,WayofTime.alchemicalWizardry.common.entity.mob.MailOrderEntityItem
AWWayofTime,17,AWWayofTime.bookEntityItem,WayofTime.alchemicalWizardry.common.entity.mob.BookEntityItem
AWWayofTime,20,AWWayofTime.FallenAngel,WayofTime.alchemicalWizardry.common.entity.mob.EntityFallenAngel
AWWayofTime,21,AWWayofTime.LowerGuardian,WayofTime.alchemicalWizardry.common.entity.mob.EntityLowerGuardian
AWWayofTime,22,AWWayofTime.BileDemon,WayofTime.alchemicalWizardry.common.entity.mob.EntityBileDemon
AWWayofTime,23,AWWayofTime.WingedFireDemon,WayofTime.alchemicalWizardry.common.entity.mob.EntityWingedFireDemon
AWWayofTime,24,AWWayofTime.SmallEarthGolem,WayofTime.alchemicalWizardry.common.entity.mob.EntitySmallEarthGolem
AWWayofTime,25,AWWayofTime.IceDemon,WayofTime.alchemicalWizardry.common.entity.mob.EntityIceDemon
AWWayofTime,26,AWWayofTime.BoulderFist,WayofTime.alchemicalWizardry.common.entity.mob.EntityBoulderFist
AWWayofTime,27,AWWayofTime.Shade,WayofTime.alchemicalWizardry.common.entity.mob.EntityShade
AWWayofTime,28,AWWayofTime.AirElemental,WayofTime.alchemicalWizardry.common.entity.mob.EntityAirElemental
AWWayofTime,29,AWWayofTime.WaterElemental,WayofTime.alchemicalWizardry.common.entity.mob.EntityWaterElemental
AWWayofTime,30,AWWayofTime.EarthElemental,WayofTime.alchemicalWizardry.common.entity.mob.EntityEarthElemental
AWWayofTime,31,AWWayofTime.FireElemental,WayofTime.alchemicalWizardry.common.entity.mob.EntityFireElemental
AWWayofTime,32,AWWayofTime.ShadeElemental,WayofTime.alchemicalWizardry.common.entity.mob.EntityShadeElemental
AWWayofTime,33,AWWayofTime.HolyElemental,WayofTime.alchemicalWizardry.common.entity.mob.EntityHolyElemental
AWWayofTime,34,AWWayofTime.MinorDemonGrunt,WayofTime.alchemicalWizardry.common.demonVillage.demonHoard.demon.EntityMinorDemonGrunt
AWWayofTime,35,AWWayofTime.MinorDemonGruntFire,WayofTime.alchemicalWizardry.common.demonVillage.demonHoard.demon.EntityMinorDemonGruntFire
AWWayofTime,36,AWWayofTime.MinorDemonGruntWind,WayofTime.alchemicalWizardry.common.demonVillage.demonHoard.demon.EntityMinorDemonGruntWind
AWWayofTime,37,AWWayofTime.MinorDemonGruntIce,WayofTime.alchemicalWizardry.common.demonVillage.demonHoard.demon.EntityMinorDemonGruntIce
AWWayofTime,38,AWWayofTime.MinorDemonGruntEarth,WayofTime.alchemicalWizardry.common.demonVillage.demonHoard.demon.EntityMinorDemonGruntEarth
AWWayofTime,39,AWWayofTime.MinorDemonGruntGuardian,WayofTime.alchemicalWizardry.common.demonVillage.demonHoard.demon.EntityMinorDemonGruntGuardian
AWWayofTime,40,AWWayofTime.MinorDemonGruntGuardianFire,WayofTime.alchemicalWizardry.common.demonVillage.demonHoard.demon.EntityMinorDemonGruntGuardianFire
AWWayofTime,41,AWWayofTime.MinorDemonGruntGuardianWind,WayofTime.alchemicalWizardry.common.demonVillage.demonHoard.demon.EntityMinorDemonGruntGuardianWind
AWWayofTime,42,AWWayofTime.MinorDemonGruntGuardianIce,WayofTime.alchemicalWizardry.common.demonVillage.demonHoard.demon.EntityMinorDemonGruntGuardianIce
AWWayofTime,43,AWWayofTime.MinorDemonGruntGuardianEarth,WayofTime.alchemicalWizardry.common.demonVillage.demonHoard.demon.EntityMinorDemonGruntGuardianEarth
Automagy,0,Automagy.AvaricePearl,tuhljin.automagy.entities.EntityAvaricePearl
Automagy,1,Automagy.XPOrbSuppressed,tuhljin.automagy.entities.EntityXPOrbSuppressFollow
Automagy,2,Automagy.EntityItemDelayedFall,tuhljin.automagy.entities.EntityItemDelayedFall
Automagy,3,Automagy.WispNether,tuhljin.automagy.entities.EntityWispNether
Avaritia,1,Avaritia.EndestPearl,fox.spiteful.avaritia.entity.EntityEndestPearl
Avaritia,2,Avaritia.GapingVoid,fox.spiteful.avaritia.entity.EntityGapingVoid
Avaritia,3,Avaritia.HeavenArrow,fox.spiteful.avaritia.entity.EntityHeavenArrow
Avaritia,4,Avaritia.HeavenSubArrow,fox.spiteful.avaritia.entity.EntityHeavenSubArrow
BiblioCraft,0,BiblioCraft.SeatEntity,jds.bibliocraft.entity.EntitySeat
BiomesOPlenty,0,BiomesOPlenty.dart,biomesoplenty.common.entities.projectiles.EntityDart
BiomesOPlenty,1,BiomesOPlenty.mudball,biomesoplenty.common.entities.projectiles.EntityMudball
BiomesOPlenty,2,BiomesOPlenty.JungleSpider,biomesoplenty.common.entities.EntityJungleSpider
BiomesOPlenty,3,BiomesOPlenty.Rosester,biomesoplenty.common.entities.EntityRosester
BiomesOPlenty,4,BiomesOPlenty.Glob,biomesoplenty.common.entities.EntityGlob
BiomesOPlenty,5,BiomesOPlenty.Phantom,biomesoplenty.common.entities.EntityPhantom
BiomesOPlenty,6,BiomesOPlenty.Wasp,biomesoplenty.common.entities.EntityWasp
BiomesOPlenty,7,BiomesOPlenty.Bird,biomesoplenty.common.entities.EntityBird
BiomesOPlenty,8,BiomesOPlenty.Pixie,biomesoplenty.common.entities.EntityPixie
BloodArsenal,35,BloodArsenal.bloodTNT,com.arc.bloodarsenal.common.entity.EntityBloodTNT
Botania,0,Botania.botania:manaBurst,vazkii.botania.common.entity.EntityManaBurst
Botania,1,Botania.botania:signalFlare,vazkii.botania.common.entity.EntitySignalFlare
Botania,2,Botania.botania:pixie,vazkii.botania.common.entity.EntityPixie
Botania,3,Botania.botania:flameRing,vazkii.botania.common.entity.EntityFlameRing
Botania,4,Botania.botania:vineBall,vazkii.botania.common.entity.EntityVineBall
Botania,5,Botania.botania:doppleganger,vazkii.botania.common.entity.EntityDoppleganger
Botania,6,Botania.botania:magicLandmine,vazkii.botania.common.entity.EntityMagicLandmine
Botania,7,Botania.botania:spark,vazkii.botania.common.entity.EntitySpark
Botania,8,Botania.botania:thrownItem,vazkii.botania.common.entity.EntityThrownItem
Botania,9,Botania.botania:magicMissile,vazkii.botania.common.entity.EntityMagicMissile
Botania,10,Botania.botania:thornChakram,vazkii.botania.common.entity.EntityThornChakram
Botania,11,Botania.botania:corporeaSpark,vazkii.botania.common.entity.EntityCorporeaSpark
Botania,12,Botania.botania:enderAirBottle,vazkii.botania.common.entity.EntityEnderAirBottle
Botania,13,Botania.botania:poolMinecart,vazkii.botania.common.entity.EntityPoolMinecart
Botania,14,Botania.botania:pinkWither,vazkii.botania.common.entity.EntityPinkWither
Botania,15,Botania.botania:playerMover,vazkii.botania.common.block.tile.TileLightRelay$EntityPlayerMover
Botania,16,Botania.botania:manaStorm,vazkii.botania.common.entity.EntityManaStorm
Botania,17,Botania.botania:babylonWeapon,vazkii.botania.common.entity.EntityBabylonWeapon
Botania,18,Botania.botania:fallingStar,vazkii.botania.common.entity.EntityFallingStar
BuildCraft|Robotics,10,BuildCraft|Robotics.bcRobot,buildcraft.robotics.EntityRobot
BuildCraft|Silicon,11,BuildCraft|Silicon.bcPackageThrowable,buildcraft.silicon.EntityPackage
CarpentersBlocks,0,CarpentersBlocks.CarpentersTile,com.carpentersblocks.entity.item.EntityCarpentersTile
DraconicEvolution,0,DraconicEvolution.EnderDragon,com.brandon3055.draconicevolution.common.entity.EntityCustomDragon
DraconicEvolution,1,DraconicEvolution.Persistent Item,com.brandon3055.draconicevolution.common.entity.EntityPersistentItem
DraconicEvolution,2,DraconicEvolution.Arrow,com.brandon3055.draconicevolution.common.entity.EntityDraconicArrow
DraconicEvolution,3,DraconicEvolution.Ender Arrow,com.brandon3055.draconicevolution.common.entity.EntityEnderArrow
DraconicEvolution,5,DraconicEvolution.Dragon Heart Item,com.brandon3055.draconicevolution.common.entity.EntityDragonHeart
DraconicEvolution,6,DraconicEvolution.ChaosGuardian,com.brandon3055.draconicevolution.common.entity.EntityChaosGuardian
DraconicEvolution,7,DraconicEvolution.DragonProjectile,com.brandon3055.draconicevolution.common.entity.EntityDragonProjectile
DraconicEvolution,8,DraconicEvolution.ChaosCrystal,com.brandon3055.draconicevolution.common.entity.EntityChaosCrystal
DraconicEvolution,9,DraconicEvolution.ChaosBolt,com.brandon3055.draconicevolution.common.entity.EntityChaosBolt
DraconicEvolution,10,DraconicEvolution.EntityChaosEnergyVortex,com.brandon3055.draconicevolution.common.entity.EntityChaosVortex
DraconicEvolution,11,DraconicEvolution.CustomArrow,com.brandon3055.draconicevolution.common.entity.EntityCustomArrow
EMT,0,EMT.laser,emt.entity.EntityLaser
EMT,1,EMT.archer,emt.entity.EntityArcher
EMT,2,EMT.shield,emt.entity.EntityShield
EMT,3,EMT.energyBall,emt.entity.EntityEnergyBall
EnderIO,3,EnderIO.soundEntity,crazypants.enderio.item.darksteel.SoundEntity
EnderIO,4,EnderIO.rangeEntity,crazypants.enderio.machine.ranged.RangeEntity
EnderIO,33,EnderIO.weather_rocket,crazypants.enderio.machine.obelisk.weather.EntityWeatherRocket
EnderZoo,5,EnderZoo.enderzoo.Enderminy,crazypants.enderzoo.entity.EntityEnderminy
EnderZoo,6,EnderZoo.enderzoo.ConcussionCreeper,crazypants.enderzoo.entity.EntityConcussionCreeper
EnderZoo,7,EnderZoo.enderzoo.FallenKnight,crazypants.enderzoo.entity.EntityFallenKnight
EnderZoo,23,EnderZoo.enderzoo.FallenMount,crazypants.enderzoo.entity.EntityFallenMount
EnderZoo,24,EnderZoo.enderzoo.WitherWitch,crazypants.enderzoo.entity.EntityWitherWitch
EnderZoo,25,EnderZoo.enderzoo.WitherCat,crazypants.enderzoo.entity.EntityWitherCat
EnderZoo,26,EnderZoo.enderzoo.DireWolf,crazypants.enderzoo.entity.EntityDireWolf
EnderZoo,27,EnderZoo.enderzoo.DireSlime,crazypants.enderzoo.entity.EntityDireSlime
EnderZoo,28,EnderZoo.EntityPrimedCharge,crazypants.enderzoo.charge.EntityPrimedCharge
Forestry,0,Forestry.butterflyGE,forestry.lepidopterology.entities.EntityButterfly
Forestry,1,Forestry.cart.beehouse,forestry.apiculture.entities.EntityMinecartBeehouse
Forestry,2,Forestry.cart.apiary,forestry.apiculture.entities.EntityMinecartApiary
Forge,1024,Forge.NullPointerException,Forge.NullPointerException
GalacticraftAmunRa,0,GalacticraftAmunRa.porcodon,de.katzenpapst.amunra.mob.entity.EntityPorcodon
GalacticraftAmunRa,1,GalacticraftAmunRa.alienVillagerAR,de.katzenpapst.amunra.mob.entity.EntityARVillager
GalacticraftAmunRa,2,GalacticraftAmunRa.robotVillager,de.katzenpapst.amunra.mob.entity.EntityRobotVillager
GalacticraftAmunRa,3,GalacticraftAmunRa.sentryRobot,de.katzenpapst.amunra.mob.entity.EntitySentry
GalacticraftAmunRa,4,GalacticraftAmunRa.alienBug,de.katzenpapst.amunra.mob.entity.EntityAlienBug
GalacticraftAmunRa,5,GalacticraftAmunRa.osirisBoss,de.katzenpapst.amunra.mob.entity.EntityMummyBoss
GalacticraftAmunRa,6,GalacticraftAmunRa.laserArrow,de.katzenpapst.amunra.entity.EntityLaserArrow
GalacticraftAmunRa,7,GalacticraftAmunRa.cryoArrow,de.katzenpapst.amunra.entity.EntityCryoArrow
GalacticraftAmunRa,8,GalacticraftAmunRa.Shuttle,de.katzenpapst.amunra.entity.spaceship.EntityShuttle
GalacticraftAmunRa,9,GalacticraftAmunRa.ShuttleFake,de.katzenpapst.amunra.entity.spaceship.EntityShuttleFake
GalacticraftAmunRa,10,GalacticraftAmunRa.cryoArrow,de.katzenpapst.amunra.entity.EntityOsirisBossFireball
GalacticraftCore,0,GalacticraftCore.SteamRocket,com.science.gtnl.common.entity.EntitySteamRocket
GalacticraftCore,1,GalacticraftCore.EvolvedSpider,micdoodle8.mods.galacticraft.core.entities.EntityEvolvedSpider
GalacticraftCore,2,GalacticraftCore.EvolvedZombie,micdoodle8.mods.galacticraft.core.entities.EntityEvolvedZombie
GalacticraftCore,3,GalacticraftCore.EvolvedCreeper,micdoodle8.mods.galacticraft.core.entities.EntityEvolvedCreeper
GalacticraftCore,4,GalacticraftCore.EvolvedSkeleton,micdoodle8.mods.galacticraft.core.entities.EntityEvolvedSkeleton
GalacticraftCore,5,GalacticraftCore.EvolvedSkeletonBoss,micdoodle8.mods.galacticraft.core.entities.EntitySkeletonBoss
GalacticraftCore,6,GalacticraftCore.AlienVillager,micdoodle8.mods.galacticraft.core.entities.EntityAlienVillager
GalacticraftCore,7,GalacticraftCore.Spaceship,micdoodle8.mods.galacticraft.core.entities.EntityTier1Rocket
GalacticraftCore,8,GalacticraftCore.Meteor,micdoodle8.mods.galacticraft.core.entities.EntityMeteor
GalacticraftCore,9,GalacticraftCore.Buggy,micdoodle8.mods.galacticraft.core.entities.EntityBuggy
GalacticraftCore,10,GalacticraftCore.GCFlag,micdoodle8.mods.galacticraft.core.entities.EntityFlag
GalacticraftCore,11,GalacticraftCore.ParaChest,micdoodle8.mods.galacticraft.core.entities.EntityParachest
GalacticraftCore,12,GalacticraftCore.Lander,micdoodle8.mods.galacticraft.core.entities.EntityLander
GalacticraftCore,13,GalacticraftCore.MeteorChunk,micdoodle8.mods.galacticraft.core.entities.EntityMeteorChunk
GalacticraftCore,14,GalacticraftCore.CelestialScreen,micdoodle8.mods.galacticraft.core.entities.EntityCelestialFake
GalacticraftCore,27,GalacticraftCore.EvolvedBossBlaze,galaxyspace.core.entity.boss.EntityBlazeBoss
GalacticraftCore,28,GalacticraftCore.EvolvedBossGhast,galaxyspace.core.entity.boss.EntityGhastBoss
GalacticraftCore,29,GalacticraftCore.EvolvedCrystalBoss,galaxyspace.core.entity.boss.EntityCrystalBoss
GalacticraftCore,30,GalacticraftCore.EvolvedBossSlime,galaxyspace.core.entity.boss.EntitySlimeBoss
GalacticraftCore,31,GalacticraftCore.EvolvedBossWolf,galaxyspace.core.entity.boss.EntityWolfBoss
GalacticraftCore,32,GalacticraftCore.EvolvedFireCreeper,galaxyspace.core.entity.mob.EntityEvolvedFireCreeper
GalacticraftCore,33,GalacticraftCore.EvolvedFireSkeleton,galaxyspace.core.entity.mob.EntityEvolvedFireSkeleton
GalacticraftCore,34,GalacticraftCore.EvolvedFireSpider,galaxyspace.core.entity.mob.EntityEvolvedFireSpider
GalacticraftCore,35,GalacticraftCore.EvolvedEnderman,galaxyspace.core.entity.mob.EntityEvolvedEnderman
GalacticraftCore,36,GalacticraftCore.Tentacles,galaxyspace.core.entity.mob.EntityTentacles
GalacticraftCore,37,GalacticraftCore.EvolvedColdBlaze,galaxyspace.core.entity.mob.EntityEvolvedColdBlaze
GalacticraftCore,38,GalacticraftCore.Crawler,galaxyspace.core.entity.mob.EntityCrawler
GalacticraftCore,39,GalacticraftCore.EvolvedBlaze,galaxyspace.core.entity.mob.EntityEvolvedBlaze
GalacticraftCore,40,GalacticraftCore.SpaceshipT4,galaxyspace.core.entity.rocket.EntityTier4Rocket
GalacticraftCore,41,GalacticraftCore.SpaceshipT5,galaxyspace.core.entity.rocket.EntityTier5Rocket
GalacticraftCore,42,GalacticraftCore.SpaceshipT6,galaxyspace.core.entity.rocket.EntityTier6Rocket
GalacticraftCore,43,GalacticraftCore.SpaceshipT7,galaxyspace.core.entity.rocket.EntityTier7Rocket
GalacticraftCore,44,GalacticraftCore.SpaceshipT8,galaxyspace.core.entity.rocket.EntityTier8Rocket
GalacticraftMars,15,GalacticraftMars.SmallAsteroidGC,micdoodle8.mods.galacticraft.planets.asteroids.entities.EntitySmallAsteroid
GalacticraftMars,16,GalacticraftMars.GrappleHookGC,micdoodle8.mods.galacticraft.planets.asteroids.entities.EntityGrapple
GalacticraftMars,17,GalacticraftMars.Tier3RocketGC,micdoodle8.mods.galacticraft.planets.asteroids.entities.EntityTier3Rocket
GalacticraftMars,18,GalacticraftMars.EntryPodAsteroids,micdoodle8.mods.galacticraft.planets.asteroids.entities.EntityEntryPod
GalacticraftMars,19,GalacticraftMars.AstroMiner,micdoodle8.mods.galacticraft.planets.asteroids.entities.EntityAstroMiner
GalacticraftMars,20,GalacticraftMars.Sludgeling,micdoodle8.mods.galacticraft.planets.mars.entities.EntitySludgeling
GalacticraftMars,21,GalacticraftMars.Slimeling,micdoodle8.mods.galacticraft.planets.mars.entities.EntitySlimeling
GalacticraftMars,22,GalacticraftMars.CreeperBoss,micdoodle8.mods.galacticraft.planets.mars.entities.EntityCreeperBoss
GalacticraftMars,23,GalacticraftMars.SpaceshipT2,micdoodle8.mods.galacticraft.planets.mars.entities.EntityTier2Rocket
GalacticraftMars,24,GalacticraftMars.ProjectileTNT,micdoodle8.mods.galacticraft.planets.mars.entities.EntityProjectileTNT
GalacticraftMars,25,GalacticraftMars.LandingBalloons,micdoodle8.mods.galacticraft.planets.mars.entities.EntityLandingBalloons
GalacticraftMars,26,GalacticraftMars.CargoRocket,micdoodle8.mods.galacticraft.planets.mars.entities.EntityCargoRocket
GraviSuite,29,GraviSuite.PlasmaBall,com.gtnewhorizons.gravisuiteneo.common.EntityPlasmaBallMKII
HardcoreEnderExpansion,1,HardcoreEnderExpansion.AngryEnderman,chylex.hee.entity.mob.EntityMobAngryEnderman
HardcoreEnderExpansion,2,HardcoreEnderExpansion.ProjectileDragonFireball,chylex.hee.entity.projectile.EntityProjectileDragonFireball
HardcoreEnderExpansion,4,HardcoreEnderExpansion.LightningBoltSafe,chylex.hee.entity.weather.EntityWeatherLightningBoltSafe
HardcoreEnderExpansion,5,HardcoreEnderExpansion.ProjectileEnhancedEnderPearl,chylex.hee.entity.projectile.EntityProjectileEnhancedEnderPearl
HardcoreEnderExpansion,6,HardcoreEnderExpansion.ItemInstabilityOrb,chylex.hee.entity.item.EntityItemInstabilityOrb
HardcoreEnderExpansion,7,HardcoreEnderExpansion.TempleEgg,chylex.hee.entity.block.EntityBlockTempleDragonEgg
HardcoreEnderExpansion,8,HardcoreEnderExpansion.Dragon,chylex.hee.entity.boss.EntityBossDragon
HardcoreEnderExpansion,9,HardcoreEnderExpansion.ItemIgneousRock,chylex.hee.entity.item.EntityItemIgneousRock
HardcoreEnderExpansion,10,HardcoreEnderExpansion.VampireBat,chylex.hee.entity.mob.EntityMobVampiricBat
HardcoreEnderExpansion,11,HardcoreEnderExpansion.EnderEye,chylex.hee.entity.boss.EntityMiniBossEnderEye
HardcoreEnderExpansion,12,HardcoreEnderExpansion.InfestedBat,chylex.hee.entity.mob.EntityMobInfestedBat
HardcoreEnderExpansion,13,HardcoreEnderExpansion.ForestGhost,chylex.hee.entity.mob.EntityMobForestGhost
HardcoreEnderExpansion,14,HardcoreEnderExpansion.FireGolem,chylex.hee.entity.mob.EntityMobFireGolem
HardcoreEnderExpansion,15,HardcoreEnderExpansion.ScorchedLens,chylex.hee.entity.mob.EntityMobScorchingLens
HardcoreEnderExpansion,16,HardcoreEnderExpansion.BabyEnderman,chylex.hee.entity.mob.EntityMobBabyEnderman
HardcoreEnderExpansion,17,HardcoreEnderExpansion.ProjectileFlamingBall,chylex.hee.entity.projectile.EntityProjectileFlamingBall
HardcoreEnderExpansion,18,HardcoreEnderExpansion.ProjectileGolemFireball,chylex.hee.entity.projectile.EntityProjectileGolemFireball
HardcoreEnderExpansion,19,HardcoreEnderExpansion.ItemAltar,chylex.hee.entity.item.EntityItemAltar
HardcoreEnderExpansion,21,HardcoreEnderExpansion.EnderDemon,chylex.hee.entity.boss.EntityBossEnderDemon
HardcoreEnderExpansion,21,HardcoreEnderExpansion.LightningBoltDemon,chylex.hee.entity.weather.EntityWeatherLightningBoltDemon
HardcoreEnderExpansion,22,HardcoreEnderExpansion.EnderGuardian,chylex.hee.entity.mob.EntityMobEnderGuardian
HardcoreEnderExpansion,23,HardcoreEnderExpansion.FireFiend,chylex.hee.entity.boss.EntityMiniBossFireFiend
HardcoreEnderExpansion,24,HardcoreEnderExpansion.ParalyzedEnderman,chylex.hee.entity.mob.EntityMobParalyzedEnderman
HardcoreEnderExpansion,25,HardcoreEnderExpansion.FallingDragonEgg,chylex.hee.entity.block.EntityBlockFallingDragonEgg
HardcoreEnderExpansion,26,HardcoreEnderExpansion.FallingObsidian,chylex.hee.entity.block.EntityBlockFallingObsidian
HardcoreEnderExpansion,27,HardcoreEnderExpansion.ItemEndPowder,chylex.hee.entity.item.EntityItemEndPowder
HardcoreEnderExpansion,30,HardcoreEnderExpansion.ProjectilePotionOfInstability,chylex.hee.entity.projectile.EntityProjectilePotion
HardcoreEnderExpansion,31,HardcoreEnderExpansion.EnhancedTNT,chylex.hee.entity.block.EntityBlockEnhancedTNTPrimed
HardcoreEnderExpansion,32,HardcoreEnderExpansion.ProjectileSpatialDash,chylex.hee.entity.projectile.EntityProjectileSpatialDash
HardcoreEnderExpansion,34,HardcoreEnderExpansion.Louse,chylex.hee.entity.mob.EntityMobLouse
HardcoreEnderExpansion,35,HardcoreEnderExpansion.HauntedMiner,chylex.hee.entity.mob.EntityMobHauntedMiner
HardcoreEnderExpansion,36,HardcoreEnderExpansion.ProjectileMinerShot,chylex.hee.entity.projectile.EntityProjectileMinerShot
HardcoreEnderExpansion,37,HardcoreEnderExpansion.ItemDragonEgg,chylex.hee.entity.item.EntityItemDragonEgg
HardcoreEnderExpansion,38,HardcoreEnderExpansion.TechnicalBiomeInteraction,chylex.hee.entity.technical.EntityTechnicalBiomeInteraction
HardcoreEnderExpansion,39,HardcoreEnderExpansion.HomelandEnderman,chylex.hee.entity.mob.EntityMobHomelandEnderman
HardcoreEnderExpansion,40,HardcoreEnderExpansion.TechnicalVoidChest,chylex.hee.entity.technical.EntityTechnicalVoidChest
HardcoreEnderExpansion,41,HardcoreEnderExpansion.Endermage,chylex.hee.entity.mob.EntityMobEndermage
HardcoreEnderExpansion,42,HardcoreEnderExpansion.ProjectileCorruptedEnergy,chylex.hee.entity.projectile.EntityProjectileCorruptedEnergy
HardcoreEnderExpansion,43,HardcoreEnderExpansion.TechnicalPuzzleChain,chylex.hee.entity.technical.EntityTechnicalPuzzleChain
HardcoreEnderExpansion,44,HardcoreEnderExpansion.TechnicalPuzzleSolved,chylex.hee.entity.technical.EntityTechnicalPuzzleSolved
HardcoreEnderExpansion,45,HardcoreEnderExpansion.ProjectileFiendFireball,chylex.hee.entity.projectile.EntityProjectileFiendFireball
HardcoreEnderExpansion,46,HardcoreEnderExpansion.TechnicalCurseBlock,chylex.hee.entity.technical.EntityTechnicalCurseBlock
HardcoreEnderExpansion,47,HardcoreEnderExpansion.TechnicalCurseEntity,chylex.hee.entity.technical.EntityTechnicalCurseEntity
HardcoreEnderExpansion,48,HardcoreEnderExpansion.ProjectileCurse,chylex.hee.entity.projectile.EntityProjectileCurse
HardcoreEnderExpansion,49,HardcoreEnderExpansion.ProjectileExpBottleConsistent,chylex.hee.entity.projectile.EntityProjectileExpBottleConsistent
HardcoreEnderExpansion,50,HardcoreEnderExpansion.BlockHomelandCache,chylex.hee.entity.block.EntityBlockHomelandCache
HardcoreEnderExpansion,51,HardcoreEnderExpansion.Enderman,chylex.hee.entity.mob.EntityMobEnderman
HardcoreEnderExpansion,52,HardcoreEnderExpansion.ProjectileSacredWand,chylex.hee.entity.projectile.EntityProjectileSacredWand
IC2,0,IC2.MiningLaser,ic2.core.item.tool.EntityMiningLaser
IC2,1,IC2.Dynamite,ic2.core.block.EntityDynamite
IC2,2,IC2.StickyDynamite,ic2.core.block.EntityStickyDynamite
IC2,3,IC2.Itnt,ic2.core.block.EntityItnt
IC2,4,IC2.Nuke,ic2.core.block.EntityNuke
IC2,5,IC2.BoatCarbon,ic2.core.item.EntityBoatCarbon
IC2,6,IC2.BoatRubber,ic2.core.item.EntityBoatRubber
IC2,7,IC2.BoatElectric,ic2.core.item.EntityBoatElectric
IC2,8,IC2.Particle,ic2.core.item.tool.EntityParticle
NHUtilities,0,NHUtilities.Accelerator,com.xir.NHUtilities.common.entity.EntityTimeAccelerator
Natura,0,Natura.Imp,mods.natura.entity.ImpEntity
Natura,1,Natura.FlameSpider,mods.natura.entity.HeatscarSpider
Natura,2,Natura.NitroCreeper,mods.natura.entity.NitroCreeper
Natura,3,Natura.FusewoodArrow,mods.natura.entity.FusewoodArrow
Natura,4,Natura.FlameSpiderBaby,mods.natura.entity.BabyHeatscarSpider
OpenBlocks,701,OpenBlocks.Hang Glider,openblocks.common.entity.EntityHangGlider
OpenBlocks,702,OpenBlocks.Luggage,openblocks.common.entity.EntityLuggage
OpenBlocks,703,OpenBlocks.Magnet,openblocks.common.entity.EntityMagnet
OpenBlocks,704,OpenBlocks.MountedBlock,openblocks.common.entity.EntityMountedBlock
OpenBlocks,705,OpenBlocks.Cartographer,openblocks.common.entity.EntityCartographer
OpenBlocks,706,OpenBlocks.EntityItemProjectile,openblocks.common.entity.EntityItemProjectile
OpenBlocks,707,OpenBlocks.GoldenEye,openblocks.common.entity.EntityGoldenEye
OpenBlocks,708,OpenBlocks.Player-Magnet,openblocks.common.entity.EntityMagnet$PlayerBound
OpenBlocks,709,OpenBlocks.XPOrbNoFly,openblocks.common.entity.EntityXPOrbNoFly
OpenBlocks,710,OpenBlocks.MiniMe,openblocks.common.entity.EntityMiniMe
OpenComputers,0,OpenComputers.Drone,li.cil.oc.common.entity.Drone
OpenMods,804,OpenMods.Block,openmods.entity.EntityBlock
Railcraft,1,Railcraft.cart.basic,mods.railcraft.common.carts.EntityCartBasic
Railcraft,2,Railcraft.cart.chest,mods.railcraft.common.carts.EntityCartChest
Railcraft,3,Railcraft.cart.furnace,mods.railcraft.common.carts.EntityCartFurnace
Railcraft,4,Railcraft.cart.tnt.wood,mods.railcraft.common.carts.EntityCartTNTWood
Railcraft,5,Railcraft.cart.tank,mods.railcraft.common.carts.EntityCartTank
Railcraft,6,Railcraft.cart.cargo,mods.railcraft.common.carts.EntityCartCargo
Railcraft,7,Railcraft.cart.anchor,mods.railcraft.common.carts.EntityCartAnchor
Railcraft,8,Railcraft.cart.work,mods.railcraft.common.carts.EntityCartWork
Railcraft,9,Railcraft.cart.track.relayer,mods.railcraft.common.carts.EntityCartTrackRelayer
Railcraft,10,Railcraft.cart.undercutter,mods.railcraft.common.carts.EntityCartUndercutter
Railcraft,11,Railcraft.cart.pumpkin,mods.railcraft.common.carts.EntityCartPumpkin
Railcraft,12,Railcraft.cart.gift,mods.railcraft.common.carts.EntityCartGift
Railcraft,13,Railcraft.cart.anchor.personal,mods.railcraft.common.carts.EntityCartAnchorPersonal
Railcraft,14,Railcraft.cart.anchor.admin,mods.railcraft.common.carts.EntityCartAnchorAdmin
Railcraft,15,Railcraft.cart.tnt,mods.railcraft.common.carts.EntityCartTNT
Railcraft,16,Railcraft.cart.hopper,net.minecraft.entity.item.EntityMinecartHopper
Railcraft,17,Railcraft.cart.track.layer,mods.railcraft.common.carts.EntityCartTrackLayer
Railcraft,18,Railcraft.cart.track.remover,mods.railcraft.common.carts.EntityCartTrackRemover
Railcraft,19,Railcraft.cart.redstone.flux,mods.railcraft.common.carts.EntityCartRF
Railcraft,30,Railcraft.cart.loco.steam.solid,mods.railcraft.common.carts.EntityLocomotiveSteamSolid
Railcraft,32,Railcraft.cart.loco.electric,mods.railcraft.common.carts.EntityLocomotiveElectric
Railcraft,33,Railcraft.cart.loco.creative,mods.railcraft.common.carts.EntityLocomotiveCreative
Railcraft,40,Railcraft.cart.command.block,mods.railcraft.common.carts.EntityCartCommand
Railcraft,50,Railcraft.cart.bore,mods.railcraft.common.carts.EntityTunnelBore
Railcraft,75,Railcraft.ItemFirestone,mods.railcraft.common.items.firestone.EntityItemFirestone
Railcraft,76,Railcraft.ItemFireproof,mods.railcraft.common.items.EntityItemFireproof
Railcraft,87,Railcraft.cart.energy.batbox,mods.railcraft.common.carts.EntityCartEnergyBatBox
Railcraft,88,Railcraft.cart.energy.cesu,mods.railcraft.common.carts.EntityCartEnergyCESU
Railcraft,89,Railcraft.cart.energy.mfe,mods.railcraft.common.carts.EntityCartEnergyMFE
RandomThings,1,RandomThings.HealingOrb,lumien.randomthings.Entity.EntityHealingOrb
RandomThings,2,RandomThings.playerSoul,lumien.randomthings.Entity.EntitySoul
RandomThings,3,RandomThings.spirit,lumien.randomthings.Entity.EntitySpirit
RandomThings,4,RandomThings.reviveCircle,lumien.randomthings.Entity.EntityReviveCircle
RandomThings,5,RandomThings.bloodmoonCircle,lumien.randomthings.Entity.EntityBloodmoonCircle
SGCraft,0,SGCraft.Stargate Iris,gcewing.sg.entities.IrisEntity
SpecialMobs,0,SpecialMobs.SpecialBlaze,toast.specialMobs.entity.blaze.Entity_SpecialBlaze
SpecialMobs,1,SpecialMobs.CinderBlaze,toast.specialMobs.entity.blaze.EntityCinderBlaze
SpecialMobs,2,SpecialMobs.ConflagrationBlaze,toast.specialMobs.entity.blaze.EntityConflagrationBlaze
SpecialMobs,3,SpecialMobs.EmberBlaze,toast.specialMobs.entity.blaze.EntityEmberBlaze
SpecialMobs,4,SpecialMobs.HellfireBlaze,toast.specialMobs.entity.blaze.EntityHellfireBlaze
SpecialMobs,5,SpecialMobs.InfernoBlaze,toast.specialMobs.entity.blaze.EntityInfernoBlaze
SpecialMobs,6,SpecialMobs.JoltBlaze,toast.specialMobs.entity.blaze.EntityJoltBlaze
SpecialMobs,7,SpecialMobs.SmolderBlaze,toast.specialMobs.entity.blaze.EntitySmolderBlaze
SpecialMobs,8,SpecialMobs.WildfireBlaze,toast.specialMobs.entity.blaze.EntityWildfireBlaze
SpecialMobs,9,SpecialMobs.SpecialCaveSpider,toast.specialMobs.entity.cavespider.Entity_SpecialCaveSpider
SpecialMobs,10,SpecialMobs.BabyCaveSpider,toast.specialMobs.entity.cavespider.EntityBabyCaveSpider
SpecialMobs,11,SpecialMobs.FlyingCaveSpider,toast.specialMobs.entity.cavespider.EntityFlyingCaveSpider
SpecialMobs,12,SpecialMobs.MotherCaveSpider,toast.specialMobs.entity.cavespider.EntityMotherCaveSpider
SpecialMobs,13,SpecialMobs.ToughCaveSpider,toast.specialMobs.entity.cavespider.EntityToughCaveSpider
SpecialMobs,14,SpecialMobs.WebCaveSpider,toast.specialMobs.entity.cavespider.EntityWebCaveSpider
SpecialMobs,15,SpecialMobs.WitchCaveSpider,toast.specialMobs.entity.cavespider.EntityWitchCaveSpider
SpecialMobs,16,SpecialMobs.SpecialCreeper,toast.specialMobs.entity.creeper.Entity_SpecialCreeper
SpecialMobs,17,SpecialMobs.ArmorCreeper,toast.specialMobs.entity.creeper.EntityArmorCreeper
SpecialMobs,18,SpecialMobs.DarkCreeper,toast.specialMobs.entity.creeper.EntityDarkCreeper
SpecialMobs,19,SpecialMobs.DeathCreeper,toast.specialMobs.entity.creeper.EntityDeathCreeper
SpecialMobs,20,SpecialMobs.DirtCreeper,toast.specialMobs.entity.creeper.EntityDirtCreeper
SpecialMobs,21,SpecialMobs.DoomCreeper,toast.specialMobs.entity.creeper.EntityDoomCreeper
SpecialMobs,22,SpecialMobs.DrowningCreeper,toast.specialMobs.entity.creeper.EntityDrowningCreeper
SpecialMobs,23,SpecialMobs.EnderCreeper,toast.specialMobs.entity.creeper.EntityEnderCreeper
SpecialMobs,24,SpecialMobs.FireCreeper,toast.specialMobs.entity.creeper.EntityFireCreeper
SpecialMobs,25,SpecialMobs.GravelCreeper,toast.specialMobs.entity.creeper.EntityGravelCreeper
SpecialMobs,26,SpecialMobs.GravityCreeper,toast.specialMobs.entity.creeper.EntityGravityCreeper
SpecialMobs,27,SpecialMobs.JumpingCreeper,toast.specialMobs.entity.creeper.EntityJumpingCreeper
SpecialMobs,28,SpecialMobs.LightningCreeper,toast.specialMobs.entity.creeper.EntityLightningCreeper
SpecialMobs,29,SpecialMobs.MiniCreeper,toast.specialMobs.entity.creeper.EntityMiniCreeper
SpecialMobs,30,SpecialMobs.SplittingCreeper,toast.specialMobs.entity.creeper.EntitySplittingCreeper
SpecialMobs,31,SpecialMobs.SpecialEnderman,toast.specialMobs.entity.enderman.Entity_SpecialEnderman
SpecialMobs,32,SpecialMobs.BlindingEnderman,toast.specialMobs.entity.enderman.EntityBlindingEnderman
SpecialMobs,33,SpecialMobs.CursedEnderman,toast.specialMobs.entity.enderman.EntityCursedEnderman
SpecialMobs,34,SpecialMobs.IcyEnderman,toast.specialMobs.entity.enderman.EntityIcyEnderman
SpecialMobs,35,SpecialMobs.LightningEnderman,toast.specialMobs.entity.enderman.EntityLightningEnderman
SpecialMobs,36,SpecialMobs.MiniEnderman,toast.specialMobs.entity.enderman.EntityMiniEnderman
SpecialMobs,37,SpecialMobs.MirageEnderman,toast.specialMobs.entity.enderman.EntityMirageEnderman
SpecialMobs,38,SpecialMobs.ThiefEnderman,toast.specialMobs.entity.enderman.EntityThiefEnderman
SpecialMobs,39,SpecialMobs.SpecialGhast,toast.specialMobs.entity.ghast.Entity_SpecialGhast
SpecialMobs,40,SpecialMobs.BabyGhast,toast.specialMobs.entity.ghast.EntityBabyGhast
SpecialMobs,41,SpecialMobs.FaintGhast,toast.specialMobs.entity.ghast.EntityFaintGhast
SpecialMobs,42,SpecialMobs.FighterGhast,toast.specialMobs.entity.ghast.EntityFighterGhast
SpecialMobs,43,SpecialMobs.KingGhast,toast.specialMobs.entity.ghast.EntityKingGhast
SpecialMobs,44,SpecialMobs.MiniGhast,toast.specialMobs.entity.ghast.EntityMiniGhast
SpecialMobs,45,SpecialMobs.QueenGhast,toast.specialMobs.entity.ghast.EntityQueenGhast
SpecialMobs,46,SpecialMobs.UnholyGhast,toast.specialMobs.entity.ghast.EntityUnholyGhast
SpecialMobs,47,SpecialMobs.SpecialPigZombie,toast.specialMobs.entity.pigzombie.Entity_SpecialPigZombie
SpecialMobs,48,SpecialMobs.BrutishPigZombie,toast.specialMobs.entity.pigzombie.EntityBrutishPigZombie
SpecialMobs,49,SpecialMobs.FishingPigZombie,toast.specialMobs.entity.pigzombie.EntityFishingPigZombie
SpecialMobs,50,SpecialMobs.GiantPigZombie,toast.specialMobs.entity.pigzombie.EntityGiantPigZombie
SpecialMobs,51,SpecialMobs.HungryPigZombie,toast.specialMobs.entity.pigzombie.EntityHungryPigZombie
SpecialMobs,52,SpecialMobs.PlaguePigZombie,toast.specialMobs.entity.pigzombie.EntityPlaguePigZombie
SpecialMobs,53,SpecialMobs.VampirePigZombie,toast.specialMobs.entity.pigzombie.EntityVampirePigZombie
SpecialMobs,54,SpecialMobs.SpecialSilverfish,toast.specialMobs.entity.silverfish.Entity_SpecialSilverfish
SpecialMobs,55,SpecialMobs.BlindingSilverfish,toast.specialMobs.entity.silverfish.EntityBlindingSilverfish
SpecialMobs,56,SpecialMobs.FishingSilverfish,toast.specialMobs.entity.silverfish.EntityFishingSilverfish
SpecialMobs,57,SpecialMobs.FlyingSilverfish,toast.specialMobs.entity.silverfish.EntityFlyingSilverfish
SpecialMobs,58,SpecialMobs.PoisonSilverfish,toast.specialMobs.entity.silverfish.EntityPoisonSilverfish
SpecialMobs,59,SpecialMobs.ToughSilverfish,toast.specialMobs.entity.silverfish.EntityToughSilverfish
SpecialMobs,60,SpecialMobs.SpecialSkeleton,toast.specialMobs.entity.skeleton.Entity_SpecialSkeleton
SpecialMobs,61,SpecialMobs.BrutishSkeleton,toast.specialMobs.entity.skeleton.EntityBrutishSkeleton
SpecialMobs,62,SpecialMobs.FireSkeleton,toast.specialMobs.entity.skeleton.EntityFireSkeleton
SpecialMobs,63,SpecialMobs.GatlingSkeleton,toast.specialMobs.entity.skeleton.EntityGatlingSkeleton
SpecialMobs,64,SpecialMobs.GiantSkeleton,toast.specialMobs.entity.skeleton.EntityGiantSkeleton
SpecialMobs,65,SpecialMobs.NinjaSkeleton,toast.specialMobs.entity.skeleton.EntityNinjaSkeleton
SpecialMobs,66,SpecialMobs.PoisonSkeleton,toast.specialMobs.entity.skeleton.EntityPoisonSkeleton
SpecialMobs,67,SpecialMobs.SniperSkeleton,toast.specialMobs.entity.skeleton.EntitySniperSkeleton
SpecialMobs,68,SpecialMobs.SpitfireSkeleton,toast.specialMobs.entity.skeleton.EntitySpitfireSkeleton
SpecialMobs,69,SpecialMobs.ThiefSkeleton,toast.specialMobs.entity.skeleton.EntityThiefSkeleton
SpecialMobs,70,SpecialMobs.SpecialSlime,toast.specialMobs.entity.slime.Entity_SpecialSlime
SpecialMobs,71,SpecialMobs.BlackberrySlime,toast.specialMobs.entity.slime.EntityBlackberrySlime
SpecialMobs,72,SpecialMobs.BlueberrySlime,toast.specialMobs.entity.slime.EntityBlueberrySlime
SpecialMobs,73,SpecialMobs.CaramelSlime,toast.specialMobs.entity.slime.EntityCaramelSlime
SpecialMobs,74,SpecialMobs.GrapeSlime,toast.specialMobs.entity.slime.EntityGrapeSlime
SpecialMobs,75,SpecialMobs.LemonSlime,toast.specialMobs.entity.slime.EntityLemonSlime
SpecialMobs,76,SpecialMobs.StrawberrySlime,toast.specialMobs.entity.slime.EntityStrawberrySlime
SpecialMobs,77,SpecialMobs.WatermelonSlime,toast.specialMobs.entity.slime.EntityWatermelonSlime
SpecialMobs,78,SpecialMobs.SpecialSpider,toast.specialMobs.entity.spider.Entity_SpecialSpider
SpecialMobs,79,SpecialMobs.BabySpider,toast.specialMobs.entity.spider.EntityBabySpider
SpecialMobs,80,SpecialMobs.DesertSpider,toast.specialMobs.entity.spider.EntityDesertSpider
SpecialMobs,81,SpecialMobs.FlyingSpider,toast.specialMobs.entity.spider.EntityFlyingSpider
SpecialMobs,82,SpecialMobs.GhostSpider,toast.specialMobs.entity.spider.EntityGhostSpider
SpecialMobs,83,SpecialMobs.GiantSpider,toast.specialMobs.entity.spider.EntityGiantSpider
SpecialMobs,84,SpecialMobs.HungrySpider,toast.specialMobs.entity.spider.EntityHungrySpider
SpecialMobs,85,SpecialMobs.MotherSpider,toast.specialMobs.entity.spider.EntityMotherSpider
SpecialMobs,86,SpecialMobs.PaleSpider,toast.specialMobs.entity.spider.EntityPaleSpider
SpecialMobs,87,SpecialMobs.PoisonSpider,toast.specialMobs.entity.spider.EntityPoisonSpider
SpecialMobs,88,SpecialMobs.SmallSpider,toast.specialMobs.entity.spider.EntitySmallSpider
SpecialMobs,89,SpecialMobs.ToughSpider,toast.specialMobs.entity.spider.EntityToughSpider
SpecialMobs,90,SpecialMobs.WebSpider,toast.specialMobs.entity.spider.EntityWebSpider
SpecialMobs,91,SpecialMobs.WitchSpider,toast.specialMobs.entity.spider.EntityWitchSpider
SpecialMobs,92,SpecialMobs.SpecialWitch,toast.specialMobs.entity.witch.Entity_SpecialWitch
SpecialMobs,93,SpecialMobs.DominationWitch,toast.specialMobs.entity.witch.EntityDominationWitch
SpecialMobs,94,SpecialMobs.RageWitch,toast.specialMobs.entity.witch.EntityRageWitch
SpecialMobs,95,SpecialMobs.ShadowsWitch,toast.specialMobs.entity.witch.EntityShadowsWitch
SpecialMobs,96,SpecialMobs.UndeadWitch,toast.specialMobs.entity.witch.EntityUndeadWitch
SpecialMobs,97,SpecialMobs.WildsWitch,toast.specialMobs.entity.witch.EntityWildsWitch
SpecialMobs,98,SpecialMobs.WindWitch,toast.specialMobs.entity.witch.EntityWindWitch
SpecialMobs,99,SpecialMobs.SpecialZombie,toast.specialMobs.entity.zombie.Entity_SpecialZombie
SpecialMobs,100,SpecialMobs.BrutishZombie,toast.specialMobs.entity.zombie.EntityBrutishZombie
SpecialMobs,101,SpecialMobs.FireZombie,toast.specialMobs.entity.zombie.EntityFireZombie
SpecialMobs,102,SpecialMobs.FishingZombie,toast.specialMobs.entity.zombie.EntityFishingZombie
SpecialMobs,103,SpecialMobs.GiantZombie,toast.specialMobs.entity.zombie.EntityGiantZombie
SpecialMobs,104,SpecialMobs.HungryZombie,toast.specialMobs.entity.zombie.EntityHungryZombie
SpecialMobs,105,SpecialMobs.PlagueZombie,toast.specialMobs.entity.zombie.EntityPlagueZombie
SpecialMobs,106,SpecialMobs.SMFishHook,toast.specialMobs.entity.EntitySpecialFishHook
SpecialMobs,107,SpecialMobs.SMSpitball,toast.specialMobs.entity.EntitySpecialSpitball
SpecialMobs,108,SpecialMobs.LavaMonster,toast.specialMobs.entity.EntityLavaMonster
StevesCarts,0,StevesCarts.Minecart.Vswe.0,vswe.stevescarts.Carts.MinecartModular
StevesCarts,2,StevesCarts.Egg.Vswe,vswe.stevescarts.Helpers.EntityEasterEgg
StevesCarts,3,StevesCarts.Cake.Vswe,vswe.stevescarts.Helpers.EntityCake
TConstruct,0,TConstruct.Fancy Item,tconstruct.tools.entity.FancyEntityItem
TConstruct,1,TConstruct.Dagger,tconstruct.tools.entity.DaggerEntity
TConstruct,2,TConstruct.Crystal,tconstruct.world.entity.Crystal
TConstruct,3,TConstruct.Launched Potion,tconstruct.tools.entity.LaunchedPotion
TConstruct,4,TConstruct.Arrow,tconstruct.tools.entity.ArrowEntity
TConstruct,5,TConstruct.LandmineFirework,tconstruct.mechworks.entity.item.EntityLandmineFirework
TConstruct,6,TConstruct.SlimeExplosive,tconstruct.mechworks.entity.item.ExplosivePrimed
TConstruct,12,TConstruct.EdibleSlime,tconstruct.world.entity.BlueSlime
TConstruct,14,TConstruct.KingSlime,tconstruct.world.entity.KingBlueSlime
TConstruct,20,TConstruct.Shuriken,tconstruct.weaponry.entity.ShurikenEntity
TConstruct,21,TConstruct.ThrowingKnife,tconstruct.weaponry.entity.ThrowingKnifeEntity
TConstruct,22,TConstruct.Javelin,tconstruct.weaponry.entity.JavelinEntity
TConstruct,23,TConstruct.Arrow,tconstruct.weaponry.entity.ArrowEntity
TConstruct,24,TConstruct.Bolt,tconstruct.weaponry.entity.BoltEntity
TaintedMagic,0,TaintedMagic.EntityTaintBubble,taintedmagic.common.entities.EntityTaintBubble
TaintedMagic,1,TaintedMagic.EntityEldritchOrbAttack,taintedmagic.common.entities.EntityEldritchOrbAttack
TaintedMagic,2,TaintedMagic.EntityHomingShard,taintedmagic.common.entities.EntityHomingShard
Thaumcraft,0,Thaumcraft.SpecialItem,thaumcraft.common.entities.EntitySpecialItem
Thaumcraft,1,Thaumcraft.PermanentItem,thaumcraft.common.entities.EntityPermanentItem
Thaumcraft,2,Thaumcraft.FollowItem,thaumcraft.common.entities.EntityFollowingItem
Thaumcraft,3,Thaumcraft.AspectOrb,thaumcraft.common.entities.EntityAspectOrb
Thaumcraft,4,Thaumcraft.FallingTaint,thaumcraft.common.entities.EntityFallingTaint
Thaumcraft,5,Thaumcraft.Alumentum,thaumcraft.common.entities.projectile.EntityAlumentum
Thaumcraft,6,Thaumcraft.PrimalOrb,thaumcraft.common.entities.projectile.EntityPrimalOrb
Thaumcraft,7,Thaumcraft.FrostShard,thaumcraft.common.entities.projectile.EntityFrostShard
Thaumcraft,8,Thaumcraft.Dart,thaumcraft.common.entities.projectile.EntityDart
Thaumcraft,9,Thaumcraft.PrimalArrow,thaumcraft.common.entities.projectile.EntityPrimalArrow
Thaumcraft,10,Thaumcraft.PechBlast,thaumcraft.common.entities.projectile.EntityPechBlast
Thaumcraft,11,Thaumcraft.EldritchOrb,thaumcraft.common.entities.projectile.EntityEldritchOrb
Thaumcraft,12,Thaumcraft.BottleTaint,thaumcraft.common.entities.projectile.EntityBottleTaint
Thaumcraft,13,Thaumcraft.GolemOrb,thaumcraft.common.entities.projectile.EntityGolemOrb
Thaumcraft,14,Thaumcraft.ShockOrb,thaumcraft.common.entities.projectile.EntityShockOrb
Thaumcraft,15,Thaumcraft.ExplosiveOrb,thaumcraft.common.entities.projectile.EntityExplosiveOrb
Thaumcraft,16,Thaumcraft.Ember,thaumcraft.common.entities.projectile.EntityEmber
Thaumcraft,17,Thaumcraft.Golem,thaumcraft.common.entities.golems.EntityGolemBase
Thaumcraft,18,Thaumcraft.TravelingTrunk,thaumcraft.common.entities.golems.EntityTravelingTrunk
Thaumcraft,19,Thaumcraft.BrainyZombie,thaumcraft.common.entities.monster.EntityBrainyZombie
Thaumcraft,20,Thaumcraft.GiantBrainyZombie,thaumcraft.common.entities.monster.EntityGiantBrainyZombie
Thaumcraft,21,Thaumcraft.Wisp,thaumcraft.common.entities.monster.EntityWisp
Thaumcraft,22,Thaumcraft.Firebat,thaumcraft.common.entities.monster.EntityFireBat
Thaumcraft,23,Thaumcraft.Pech,thaumcraft.common.entities.monster.EntityPech
Thaumcraft,24,Thaumcraft.MindSpider,thaumcraft.common.entities.monster.EntityMindSpider
Thaumcraft,25,Thaumcraft.EldritchGuardian,thaumcraft.common.entities.monster.EntityEldritchGuardian
Thaumcraft,26,Thaumcraft.EldritchWarden,thaumcraft.common.entities.monster.boss.EntityEldritchWarden
Thaumcraft,27,Thaumcraft.CultistKnight,thaumcraft.common.entities.monster.EntityCultistKnight
Thaumcraft,28,Thaumcraft.CultistCleric,thaumcraft.common.entities.monster.EntityCultistCleric
Thaumcraft,29,Thaumcraft.CultistLeader,thaumcraft.common.entities.monster.boss.EntityCultistLeader
Thaumcraft,30,Thaumcraft.CultistPortal,thaumcraft.common.entities.monster.boss.EntityCultistPortal
Thaumcraft,31,Thaumcraft.EldritchGolem,thaumcraft.common.entities.monster.boss.EntityEldritchGolem
Thaumcraft,32,Thaumcraft.EldritchCrab,thaumcraft.common.entities.monster.EntityEldritchCrab
Thaumcraft,33,Thaumcraft.InhabitedZombie,thaumcraft.common.entities.monster.EntityInhabitedZombie
Thaumcraft,34,Thaumcraft.ThaumSlime,thaumcraft.common.entities.monster.EntityThaumicSlime
Thaumcraft,35,Thaumcraft.TaintSpider,thaumcraft.common.entities.monster.EntityTaintSpider
Thaumcraft,36,Thaumcraft.Taintacle,thaumcraft.common.entities.monster.EntityTaintacle
Thaumcraft,37,Thaumcraft.TaintacleTiny,thaumcraft.common.entities.monster.EntityTaintacleSmall
Thaumcraft,38,Thaumcraft.TaintSpore,thaumcraft.common.entities.monster.EntityTaintSpore
Thaumcraft,39,Thaumcraft.TaintSwarmer,thaumcraft.common.entities.monster.EntityTaintSporeSwarmer
Thaumcraft,40,Thaumcraft.TaintSwarm,thaumcraft.common.entities.monster.EntityTaintSwarm
Thaumcraft,41,Thaumcraft.TaintedChicken,thaumcraft.common.entities.monster.EntityTaintChicken
Thaumcraft,42,Thaumcraft.TaintedCow,thaumcraft.common.entities.monster.EntityTaintCow
Thaumcraft,43,Thaumcraft.TaintedCreeper,thaumcraft.common.entities.monster.EntityTaintCreeper
Thaumcraft,44,Thaumcraft.TaintedPig,thaumcraft.common.entities.monster.EntityTaintPig
Thaumcraft,45,Thaumcraft.TaintedSheep,thaumcraft.common.entities.monster.EntityTaintSheep
Thaumcraft,46,Thaumcraft.TaintedVillager,thaumcraft.common.entities.monster.EntityTaintVillager
Thaumcraft,47,Thaumcraft.TaintacleGiant,thaumcraft.common.entities.monster.boss.EntityTaintacleGiant
Thaumcraft,48,Thaumcraft.SpecialItemGrate,thaumcraft.common.entities.EntityItemGrate
Thaumcraft,49,Thaumcraft.GolemBobber,thaumcraft.common.entities.golems.EntityGolemBobber
ThaumicExploration,0,ThaumicExploration.TaintacleMinion,flaxbeard.thaumicexploration.entity.EntityTaintacleMinion
ThaumicHorizons,0,ThaumicHorizons.PrimedAlchemite,com.kentington.thaumichorizons.common.entities.EntityAlchemitePrimed
ThaumicHorizons,1,ThaumicHorizons.Egg,com.kentington.thaumichorizons.common.entities.EntityEggIncubated
ThaumicHorizons,2,ThaumicHorizons.ChromaticSheep,com.kentington.thaumichorizons.common.entities.EntityChromaticSheep
ThaumicHorizons,3,ThaumicHorizons.SelfShearingSheep,com.kentington.thaumichorizons.common.entities.EntitySelfShearingSheep
ThaumicHorizons,4,ThaumicHorizons.GuardianPanther,com.kentington.thaumichorizons.common.entities.EntityGuardianPanther
ThaumicHorizons,5,ThaumicHorizons.Gravekeeper,com.kentington.thaumichorizons.common.entities.EntityGravekeeper
ThaumicHorizons,6,ThaumicHorizons.Familiar,com.kentington.thaumichorizons.common.entities.EntityFamiliar
ThaumicHorizons,7,ThaumicHorizons.ChocolateCow,com.kentington.thaumichorizons.common.entities.EntityChocolateCow
ThaumicHorizons,9,ThaumicHorizons.ScholarChicken,com.kentington.thaumichorizons.common.entities.EntityScholarChicken
ThaumicHorizons,10,ThaumicHorizons.GoldChicken,com.kentington.thaumichorizons.common.entities.EntityGoldChicken
ThaumicHorizons,11,ThaumicHorizons.OrePig,com.kentington.thaumichorizons.common.entities.EntityOrePig
ThaumicHorizons,12,ThaumicHorizons.TaintEaterPig,com.kentington.thaumichorizons.common.entities.EntityTaintPig
ThaumicHorizons,13,ThaumicHorizons.Endersteed,com.kentington.thaumichorizons.common.entities.EntityEndersteed
ThaumicHorizons,14,ThaumicHorizons.Seawolf,com.kentington.thaumichorizons.common.entities.EntitySeawolf
ThaumicHorizons,15,ThaumicHorizons.NetherHound,com.kentington.thaumichorizons.common.entities.EntityNetherHound
ThaumicHorizons,16,ThaumicHorizons.LunarWolf,com.kentington.thaumichorizons.common.entities.EntityLunarWolf
ThaumicHorizons,17,ThaumicHorizons.Syringe,com.kentington.thaumichorizons.common.entities.EntitySyringe
ThaumicHorizons,18,ThaumicHorizons.BlastPhial,com.kentington.thaumichorizons.common.entities.EntityBlastPhial
ThaumicHorizons,19,ThaumicHorizons.GolemTH,com.kentington.thaumichorizons.common.entities.EntityGolemTH
ThaumicHorizons,20,ThaumicHorizons.HorseZombie,com.kentington.thaumichorizons.common.entities.EntityHorseUndead
ThaumicHorizons,21,ThaumicHorizons.HorseSkeleton,com.kentington.thaumichorizons.common.entities.EntityHorseUndeadS
ThaumicHorizons,22,ThaumicHorizons.NightmareTH,com.kentington.thaumichorizons.common.entities.EntityNightmare
ThaumicHorizons,23,ThaumicHorizons.BoatGreatwood,com.kentington.thaumichorizons.common.entities.EntityBoatGreatwood
ThaumicHorizons,24,ThaumicHorizons.BoatThaumium,com.kentington.thaumichorizons.common.entities.EntityBoatThaumium
ThaumicHorizons,25,ThaumicHorizons.MeatSlime,com.kentington.thaumichorizons.common.entities.EntityMeatSlime
ThaumicHorizons,26,ThaumicHorizons.MercurialSlime,com.kentington.thaumichorizons.common.entities.EntityMercurialSlime
ThaumicHorizons,27,ThaumicHorizons.VoltSlime,com.kentington.thaumichorizons.common.entities.EntityVoltSlime
ThaumicHorizons,28,ThaumicHorizons.MedSlime,com.kentington.thaumichorizons.common.entities.EntityMedSlime
ThaumicHorizons,29,ThaumicHorizons.Sheeder,com.kentington.thaumichorizons.common.entities.EntitySheeder
ThaumicHorizons,30,ThaumicHorizons.LostSoul,com.kentington.thaumichorizons.common.entities.EntitySoul
ThaumicHorizons,31,ThaumicHorizons.LightningBoltFinite,com.kentington.thaumichorizons.common.entities.EntityLightningBoltFinite
ThaumicTinkerer,0,ThaumicTinkerer.ShadowbeamStaffBeam,thaumic.tinkerer.common.item.kami.foci.ItemFocusShadowbeam$Beam
Torcherino,0,Torcherino.EntityTimeAccelerator,com.czqwq.Torcherino.entity.EntityTimeAccelerator
TwilightForest,0,TwilightForest.RovingCube,twilightforest.entity.EntityTFRovingCube
TwilightForest,1,TwilightForest.tfnaturebolt,twilightforest.entity.EntityTFNatureBolt
TwilightForest,2,TwilightForest.tflichbolt,twilightforest.entity.boss.EntityTFLichBolt
TwilightForest,3,TwilightForest.tftwilightwandbolt,twilightforest.entity.EntityTFTwilightWandBolt
TwilightForest,4,TwilightForest.tftomebolt,twilightforest.entity.EntityTFTomeBolt
TwilightForest,5,TwilightForest.tfhydramortar,twilightforest.entity.boss.EntityTFHydraMortar
TwilightForest,6,TwilightForest.tflichbomb,twilightforest.entity.boss.EntityTFLichBomb
TwilightForest,7,TwilightForest.tfmoonwormshot,twilightforest.entity.EntityTFMoonwormShot
TwilightForest,8,TwilightForest.tfslimeblob,twilightforest.entity.EntityTFSlimeProjectile
TwilightForest,9,TwilightForest.tfcharmeffect,twilightforest.entity.EntityTFCharmEffect
TwilightForest,10,TwilightForest.tfthrownaxe,twilightforest.entity.boss.EntityTFThrownAxe
TwilightForest,11,TwilightForest.HydraHead,twilightforest.entity.boss.EntityTFHydraHead
TwilightForest,13,TwilightForest.tfthrownpick,twilightforest.entity.boss.EntityTFThrownPick
TwilightForest,14,TwilightForest.tffallingice,twilightforest.entity.boss.EntityTFFallingIce
TwilightForest,15,TwilightForest.tfthrownice,twilightforest.entity.boss.EntityTFIceBomb
TwilightForest,16,TwilightForest.tfSeekerArrow,twilightforest.entity.EntitySeekerArrow
TwilightForest,17,TwilightForest.tficesnowball,twilightforest.entity.EntityTFIceSnowball
TwilightForest,18,TwilightForest.tfchainBlock,twilightforest.entity.EntityTFChainBlock
TwilightForest,19,TwilightForest.tfcubeannihilation,twilightforest.entity.EntityTFCubeOfAnnihilation
TwilightForest,20,TwilightForest.tfslideblock,twilightforest.entity.EntityTFSlideBlock
TwilightForest,177,TwilightForest.Wild Boar,twilightforest.entity.passive.EntityTFBoar
TwilightForest,178,TwilightForest.Bighorn Sheep,twilightforest.entity.passive.EntityTFBighorn
TwilightForest,179,TwilightForest.Wild Deer,twilightforest.entity.passive.EntityTFDeer
TwilightForest,180,TwilightForest.Redcap,twilightforest.entity.EntityTFRedcap
TwilightForest,181,TwilightForest.Swarm Spider,twilightforest.entity.EntityTFSwarmSpider
TwilightForest,182,TwilightForest.Naga,twilightforest.entity.boss.EntityTFNaga
TwilightForest,184,TwilightForest.Skeleton Druid,twilightforest.entity.EntityTFSkeletonDruid
TwilightForest,185,TwilightForest.Hostile Wolf,twilightforest.entity.EntityTFHostileWolf
TwilightForest,186,TwilightForest.Twilight Wraith,twilightforest.entity.EntityTFWraith
TwilightForest,187,TwilightForest.Hedge Spider,twilightforest.entity.EntityTFHedgeSpider
TwilightForest,189,TwilightForest.Hydra,twilightforest.entity.boss.EntityTFHydra
TwilightForest,190,TwilightForest.Twilight Lich,twilightforest.entity.boss.EntityTFLich
TwilightForest,191,TwilightForest.Glacier Penguin,twilightforest.entity.passive.EntityTFPenguin
TwilightForest,192,TwilightForest.Lich Minion,twilightforest.entity.boss.EntityTFLichMinion
TwilightForest,193,TwilightForest.Loyal Zombie,twilightforest.entity.EntityTFLoyalZombie
TwilightForest,194,TwilightForest.Tiny Bird,twilightforest.entity.passive.EntityTFTinyBird
TwilightForest,195,TwilightForest.Forest Squirrel,twilightforest.entity.passive.EntityTFSquirrel
TwilightForest,196,TwilightForest.Forest Bunny,twilightforest.entity.passive.EntityTFBunny
TwilightForest,197,TwilightForest.Forest Raven,twilightforest.entity.passive.EntityTFRaven
TwilightForest,198,TwilightForest.Questing Ram,twilightforest.entity.passive.EntityTFQuestRam
TwilightForest,199,TwilightForest.Twilight Kobold,twilightforest.entity.EntityTFKobold
TwilightForest,202,TwilightForest.Mosquito Swarm,twilightforest.entity.EntityTFMosquitoSwarm
TwilightForest,203,TwilightForest.Death Tome,twilightforest.entity.EntityTFDeathTome
TwilightForest,204,TwilightForest.Minotaur,twilightforest.entity.EntityTFMinotaur
TwilightForest,205,TwilightForest.Minoshroom,twilightforest.entity.boss.EntityTFMinoshroom
TwilightForest,206,TwilightForest.Fire Beetle,twilightforest.entity.EntityTFFireBeetle
TwilightForest,207,TwilightForest.Slime Beetle,twilightforest.entity.EntityTFSlimeBeetle
TwilightForest,208,TwilightForest.Pinch Beetle,twilightforest.entity.EntityTFPinchBeetle
TwilightForest,209,TwilightForest.Maze Slime,twilightforest.entity.EntityTFMazeSlime
TwilightForest,210,TwilightForest.Redcap Sapper,twilightforest.entity.EntityTFRedcapSapper
TwilightForest,211,TwilightForest.Mist Wolf,twilightforest.entity.EntityTFMistWolf
TwilightForest,212,TwilightForest.King Spider,twilightforest.entity.EntityTFKingSpider
TwilightForest,213,TwilightForest.Firefly,twilightforest.entity.passive.EntityTFMobileFirefly
TwilightForest,214,TwilightForest.Mini Ghast,twilightforest.entity.EntityTFMiniGhast
TwilightForest,215,TwilightForest.Tower Ghast,twilightforest.entity.EntityTFTowerGhast
TwilightForest,216,TwilightForest.Tower Golem,twilightforest.entity.EntityTFTowerGolem
TwilightForest,217,TwilightForest.Tower Boss,twilightforest.entity.boss.EntityTFUrGhast
TwilightForest,218,TwilightForest.Tower Termite,twilightforest.entity.EntityTFTowerTermite
TwilightForest,219,TwilightForest.Redscale Broodling,twilightforest.entity.EntityTFTowerBroodling
TwilightForest,220,TwilightForest.Block&Chain Goblin,twilightforest.entity.EntityTFBlockGoblin
TwilightForest,221,TwilightForest.Upper Goblin Knight,twilightforest.entity.EntityTFGoblinKnightUpper
TwilightForest,222,TwilightForest.Lower Goblin Knight,twilightforest.entity.EntityTFGoblinKnightLower
TwilightForest,223,TwilightForest.Helmet Crab,twilightforest.entity.EntityTFHelmetCrab
TwilightForest,224,TwilightForest.Knight Phantom,twilightforest.entity.boss.EntityTFKnightPhantom
TwilightForest,225,TwilightForest.Yeti,twilightforest.entity.EntityTFYeti
TwilightForest,226,TwilightForest.Yeti Boss,twilightforest.entity.boss.EntityTFYetiAlpha
TwilightForest,227,TwilightForest.WinterWolf,twilightforest.entity.EntityTFWinterWolf
TwilightForest,228,TwilightForest.SnowGuardian,twilightforest.entity.EntityTFSnowGuardian
TwilightForest,229,TwilightForest.Stable Ice Core,twilightforest.entity.EntityTFIceShooter
TwilightForest,230,TwilightForest.Unstable Ice Core,twilightforest.entity.EntityTFIceExploder
TwilightForest,231,TwilightForest.Snow Queen,twilightforest.entity.boss.EntityTFSnowQueen
TwilightForest,232,TwilightForest.Troll,twilightforest.entity.EntityTFTroll
TwilightForest,233,TwilightForest.Giant Miner,twilightforest.entity.EntityTFGiantMiner
TwilightForest,234,TwilightForest.Armored Giant,twilightforest.entity.EntityTFArmoredGiant
TwilightForest,235,TwilightForest.Ice Crystal,twilightforest.entity.boss.EntityTFIceCrystal
TwilightForest,236,TwilightForest.Harbinger Cube,twilightforest.entity.EntityTFHarbingerCube
TwilightForest,237,TwilightForest.Adherent,twilightforest.entity.EntityTFAdherent
TwistSpaceTechnology,1,TwistSpaceTechnology.TST:EntityMountableBlock,com.Nxer.TwistSpaceTechnology.common.entity.EntityMountableBlock
VillageNames,0,VillageNames.Guardian,astrotibs.villagenames.prismarine.guardian.entity.monster.EntityGuardian
WarpTheory,0,WarpTheory.creeperPassive,shukaro.warptheory.entity.EntityPassiveCreeper
WarpTheory,1,WarpTheory.creeperFake,shukaro.warptheory.entity.EntityFakeCreeper
WarpTheory,2,WarpTheory.doppelganger,shukaro.warptheory.entity.EntityDoppelganger
WarpTheory,3,WarpTheory.phantom,shukaro.warptheory.entity.EntityPhantom
WarpTheory,4,WarpTheory.taintSheepSafe,shukaro.warptheory.entity.EntitySafeTaintSheep
WitchingGadgets,0,WitchingGadgets.reformingItem,witchinggadgets.common.items.EntityItemReforming
adventurebackpack,0,adventurebackpack.inflatableBoat,com.darkona.adventurebackpack.entity.EntityInflatableBoat
adventurebackpack,1,adventurebackpack.rideableSpider,com.darkona.adventurebackpack.entity.EntityFriendlySpider
appliedenergistics2,10,appliedenergistics2.EntityTinyTNTPrimed,appeng.entity.EntityTinyTNTPrimed
appliedenergistics2,11,appliedenergistics2.EntitySingularity,appeng.entity.EntitySingularity
appliedenergistics2,11,appliedenergistics2.EntitySingularity,appeng.entity.EntitySingularity
appliedenergistics2,11,appliedenergistics2.EntitySingularity,appeng.entity.EntitySingularity
appliedenergistics2,12,appliedenergistics2.EntityChargedQuartz,appeng.entity.EntityChargedQuartz
appliedenergistics2,13,appliedenergistics2.EntityGrowingCrystal,appeng.entity.EntityGrowingCrystal
betterquesting,0,betterquesting.placeholder,betterquesting.api.placeholders.EntityPlaceholder
chisel,0,chisel.snowman,team.chisel.entity.EntityChiselSnowman
chisel,1,chisel.CloudInABottle,team.chisel.entity.EntityCloudInABottle
chisel,2,chisel.BallOMoss,team.chisel.entity.EntityBallOMoss
chisel,3,chisel.SmashingRock,team.chisel.entity.EntitySmashingRock
computronics,1,computronics.computronics.itemTape,pl.asie.computronics.item.entity.EntityItemIndestructable
computronics,9,computronics.swarm,pl.asie.computronics.integration.forestry.entity.EntitySwarm
creativecore,0,creativecore.Sit,com.creativemd.creativecore.common.entity.EntitySit
etfuturum,0,etfuturum.wooden_armorstand,ganymedes01.etfuturum.entities.EntityArmourStand
etfuturum,1,etfuturum.endermite,ganymedes01.etfuturum.entities.EntityEndermite
etfuturum,2,etfuturum.tipped_arrow,ganymedes01.etfuturum.entities.EntityTippedArrow
etfuturum,3,etfuturum.rabbit,ganymedes01.etfuturum.entities.EntityRabbit
etfuturum,4,etfuturum.husk,ganymedes01.etfuturum.entities.EntityHusk
etfuturum,5,etfuturum.stray,ganymedes01.etfuturum.entities.EntityStray
etfuturum,6,etfuturum.lingering_potion,ganymedes01.etfuturum.entities.EntityLingeringPotion
etfuturum,7,etfuturum.lingering_effect,ganymedes01.etfuturum.entities.EntityLingeringEffect
etfuturum,8,etfuturum.villager_zombie,ganymedes01.etfuturum.entities.EntityZombieVillager
etfuturum,9,etfuturum.end_crystal,ganymedes01.etfuturum.entities.EntityPlacedEndCrystal
etfuturum,10,etfuturum.ender_dragon,ganymedes01.etfuturum.entities.EntityRespawnedDragon
etfuturum,11,etfuturum.snow_golem,ganymedes01.etfuturum.entities.EntityNewSnowGolem
etfuturum,12,etfuturum.brown_mooshroom,ganymedes01.etfuturum.entities.EntityBrownMooshroom
etfuturum,13,etfuturum.new_boat,ganymedes01.etfuturum.entities.EntityNewBoat
etfuturum,14,etfuturum.new_boat_seat,ganymedes01.etfuturum.entities.EntityNewBoatSeat
etfuturum,15,etfuturum.fireproof_item,ganymedes01.etfuturum.entities.EntityItemUninflammable
etfuturum,16,etfuturum.shulker,ganymedes01.etfuturum.entities.EntityShulker
etfuturum,17,etfuturum.shulker_candy,ganymedes01.etfuturum.entities.EntityShulkerBullet
etfuturum,19,etfuturum.chest_boat,ganymedes01.etfuturum.entities.EntityNewBoatWithChest
etfuturum,20,etfuturum.boosting_firework_rocket,ganymedes01.etfuturum.entities.EntityBoostingFireworkRocket
etfuturum,22,etfuturum.fox,ganymedes01.etfuturum.entities.EntityFox
gadomancy,36,gadomancy.EntityPermItem,makeo.gadomancy.common.entities.EntityPermNoClipItem
gadomancy,37,gadomancy.EntityAuraCore,makeo.gadomancy.common.entities.EntityAuraCore
gadomancy,38,gadomancy.FakePlayerEntity,makeo.gadomancy.common.entities.player.FakePlayerEntity
gadomancy,39,gadomancy.EntityItemElement,makeo.gadomancy.common.entities.EntityItemElement
gregtech,0,gregtech.PowderBarrelPrimed,gregtech.common.entity.EntityPowderBarrelPrimed
ironchestminecarts,0,ironchestminecarts.minecart_chest_iron,ganymedes01.ironchestminecarts.minecarts.types.EntityMinecartIronChest
ironchestminecarts,1,ironchestminecarts.minecart_chest_gold,ganymedes01.ironchestminecarts.minecarts.types.EntityMinecartGoldChest
ironchestminecarts,2,ironchestminecarts.minecart_chest_diamond,ganymedes01.ironchestminecarts.minecarts.types.EntityMinecartDiamondChest
ironchestminecarts,3,ironchestminecarts.minecart_chest_copper,ganymedes01.ironchestminecarts.minecarts.types.EntityMinecartCopperChest
ironchestminecarts,4,ironchestminecarts.minecart_chest_silver,ganymedes01.ironchestminecarts.minecarts.types.EntityMinecartSteelChest
ironchestminecarts,5,ironchestminecarts.minecart_chest_crystal,ganymedes01.ironchestminecarts.minecarts.types.EntityMinecartCrystalChest
ironchestminecarts,6,ironchestminecarts.minecart_chest_obsidian,ganymedes01.ironchestminecarts.minecarts.types.EntityMinecartObsidianChest
ironchestminecarts,7,ironchestminecarts.minecart_chest_dirtchest9000,ganymedes01.ironchestminecarts.minecarts.types.EntityMinecartDirtChest
irontankminecarts,0,irontankminecarts.minecart_tank_iron,secondderivative.irontankminecarts.minecarts.types.EntityMinecartIronTank
irontankminecarts,1,irontankminecarts.minecart_tank_gold,secondderivative.irontankminecarts.minecarts.types.EntityMinecartGoldTank
irontankminecarts,2,irontankminecarts.minecart_tank_diamond,secondderivative.irontankminecarts.minecarts.types.EntityMinecartDiamondTank
irontankminecarts,3,irontankminecarts.minecart_tank_copper,secondderivative.irontankminecarts.minecarts.types.EntityMinecartCopperTank
irontankminecarts,4,irontankminecarts.minecart_tank_steel,secondderivative.irontankminecarts.minecarts.types.EntityMinecartSteelTank
irontankminecarts,5,irontankminecarts.minecart_tank_obsidian,secondderivative.irontankminecarts.minecarts.types.EntityMinecartObsidianTank
irontankminecarts,7,irontankminecarts.minecart_tank_aluminium,secondderivative.irontankminecarts.minecarts.types.EntityMinecartAluminiumTank
irontankminecarts,8,irontankminecarts.minecart_tank_stainlesssteel,secondderivative.irontankminecarts.minecarts.types.EntityMinecartStainlessSteelTank
irontankminecarts,9,irontankminecarts.minecart_tank_titanium,secondderivative.irontankminecarts.minecarts.types.EntityMinecartTitaniumTank
irontankminecarts,10,irontankminecarts.minecart_tank_tungstensteel,secondderivative.irontankminecarts.minecarts.types.EntityMinecartTungstensteelTank
matter-manipulator,0,matter-manipulator.EntityItemLarge,com.recursive_pineapple.matter_manipulator.common.entities.EntityItemLarge
miscutils,0,miscutils.MiningCharge,gtPlusPlus.core.entity.EntityPrimedMiningExplosive
miscutils,1,miscutils.toxinBall,gtPlusPlus.core.entity.projectile.EntityToxinballSmall
miscutils,2,miscutils.constructStaballoy,gtPlusPlus.core.entity.monster.EntityStaballoyConstruct
miscutils,3,miscutils.sickBlaze,gtPlusPlus.core.entity.monster.EntitySickBlaze
miscutils,4,miscutils.EntityLightningAttack,gtPlusPlus.core.entity.projectile.EntityLightningAttack
modularui2,0,modularui2.modular_screen,com.cleanroommc.modularui.holoui.HoloScreenEntity
openmodularturrets,1,openmodularturrets.rocketProjectile,openmodularturrets.entity.projectiles.RocketProjectile
openmodularturrets,2,openmodularturrets.grenadeProjectile,openmodularturrets.entity.projectiles.GrenadeProjectile
openmodularturrets,3,openmodularturrets.bulletProjectile,openmodularturrets.entity.projectiles.BulletProjectile
openmodularturrets,4,openmodularturrets.laserProjectile,openmodularturrets.entity.projectiles.LaserProjectile
openmodularturrets,5,openmodularturrets.blazingClayProjectile,openmodularturrets.entity.projectiles.BlazingClayProjectile
opensecurity,0,opensecurity.energybolt,pcl.opensecurity.entity.EntityEnergyBolt
personalspace,1,personalspace.PortalItem,me.eigenraven.personalspace.block.PortalEntityItem
reavaritia,0,reavaritia.BlazeFireBall,com.reavaritia.common.entity.EntityBlazeFireball
reavaritia,1,reavaritia.ChronarchClock,com.reavaritia.common.entity.EntityChronarchClock
reavaritia,2,reavaritia.EntityExtremeAnvil,com.reavaritia.common.entity.EntityExtremeAnvil
sciencenotleisure,0,sciencenotleisure.ArrowCustom,com.science.gtnl.common.entity.EntityArrowCustom
sciencenotleisure,1,sciencenotleisure.SaddleSlime,com.science.gtnl.common.entity.EntitySaddleSlime
sciencenotleisure,2,sciencenotleisure.PlayerLeashKnot,com.science.gtnl.common.entity.EntityPlayerLeashKnot
thaumicbases,0,thaumicbases.revolverBullet,tb.common.entity.EntityRevolverBullet
witchery,92,witchery.demon,com.emoniph.witchery.entity.EntityDemon
witchery,93,witchery.broom,com.emoniph.witchery.entity.EntityBroom
witchery,94,witchery.brew,com.emoniph.witchery.entity.EntityWitchProjectile
witchery,95,witchery.familiar,com.emoniph.witchery.entity.EntityFamiliar
witchery,96,witchery.mandrake,com.emoniph.witchery.entity.EntityMandrake
witchery,97,witchery.treefyd,com.emoniph.witchery.entity.EntityTreefyd
witchery,98,witchery.hornedHuntsman,com.emoniph.witchery.entity.EntityHornedHuntsman
witchery,99,witchery.spellEffect,com.emoniph.witchery.entity.EntitySpellEffect
witchery,100,witchery.ent,com.emoniph.witchery.entity.EntityEnt
witchery,101,witchery.illusionCreeper,com.emoniph.witchery.entity.EntityIllusionCreeper
witchery,102,witchery.illusionSpider,com.emoniph.witchery.entity.EntityIllusionSpider
witchery,103,witchery.illusionZombie,com.emoniph.witchery.entity.EntityIllusionZombie
witchery,104,witchery.owl,com.emoniph.witchery.entity.EntityOwl
witchery,105,witchery.toad,com.emoniph.witchery.entity.EntityToad
witchery,106,witchery.cat,com.emoniph.witchery.entity.EntityWitchCat
witchery,107,witchery.louse,com.emoniph.witchery.entity.EntityParasyticLouse
witchery,108,witchery.eye,com.emoniph.witchery.entity.EntityEye
witchery,109,witchery.babayaga,com.emoniph.witchery.entity.EntityBabaYaga
witchery,110,witchery.covenwitch,com.emoniph.witchery.entity.EntityCovenWitch
witchery,111,witchery.corpse,com.emoniph.witchery.entity.EntityCorpse
witchery,112,witchery.nightmare,com.emoniph.witchery.entity.EntityNightmare
witchery,113,witchery.spectre,com.emoniph.witchery.entity.EntitySpectre
witchery,114,witchery.poltergeist,com.emoniph.witchery.entity.EntityPoltergeist
witchery,115,witchery.banshee,com.emoniph.witchery.entity.EntityBanshee
witchery,116,witchery.spirit,com.emoniph.witchery.entity.EntitySpirit
witchery,117,witchery.death,com.emoniph.witchery.entity.EntityDeath
witchery,118,witchery.bolt,com.emoniph.witchery.entity.EntityBolt
witchery,119,witchery.witchhunter,com.emoniph.witchery.entity.EntityWitchHunter
witchery,120,witchery.deathhorse,com.emoniph.witchery.entity.EntityDeathsHorse
witchery,121,witchery.lordoftorment,com.emoniph.witchery.entity.EntityLordOfTorment
witchery,122,witchery.soulfire,com.emoniph.witchery.entity.EntitySoulfire
witchery,123,witchery.imp,com.emoniph.witchery.entity.EntityImp
witchery,124,witchery.darkmark,com.emoniph.witchery.entity.EntityDarkMark
witchery,125,witchery.mindrake,com.emoniph.witchery.entity.EntityMindrake
witchery,126,witchery.goblin,com.emoniph.witchery.entity.EntityGoblin
witchery,127,witchery.goblinmog,com.emoniph.witchery.entity.EntityGoblinMog
witchery,128,witchery.goblingulg,com.emoniph.witchery.entity.EntityGoblinGulg
witchery,129,witchery.brew2,com.emoniph.witchery.brewing.EntityBrew
witchery,130,witchery.item,com.emoniph.witchery.entity.EntityItemWaystone
witchery,131,witchery.droplet,com.emoniph.witchery.brewing.EntityDroplet
witchery,132,witchery.splatter,com.emoniph.witchery.brewing.EntitySplatter
witchery,133,witchery.leonard,com.emoniph.witchery.entity.EntityLeonard
witchery,134,witchery.lostsoul,com.emoniph.witchery.entity.EntityLostSoul
witchery,135,witchery.wolfman,com.emoniph.witchery.entity.EntityWolfman
witchery,136,witchery.hellhound,com.emoniph.witchery.entity.EntityHellhound
witchery,137,witchery.werevillager,com.emoniph.witchery.entity.EntityVillagerWere
witchery,138,witchery.villageguard,com.emoniph.witchery.entity.EntityVillageGuard
witchery,139,witchery.vampire,com.emoniph.witchery.entity.EntityVampire
witchery,140,witchery.grenade,com.emoniph.witchery.entity.EntityGrenade
witchery,141,witchery.lilith,com.emoniph.witchery.entity.EntityLilith
witchery,142,witchery.follower,com.emoniph.witchery.entity.EntityFollower
witchery,143,witchery.wingedmonkey,com.emoniph.witchery.entity.EntityWingedMonkey
witchery,144,witchery.attackbat,com.emoniph.witchery.entity.EntityAttackBat
witchery,145,witchery.mirrorface,com.emoniph.witchery.entity.EntityMirrorFace
witchery,146,witchery.reflection,com.emoniph.witchery.entity.EntityReflection
