Class Name,Type
codechicken.nei.recipe.ShapedRecipeHandler,crafting
codechicken.nei.recipe.ShapelessRecipeHandler,crafting
codechicken.nei.recipe.FireworkRecipeHandler,crafting
codechicken.nei.recipe.FurnaceRecipeHandler,crafting
codechicken.nei.recipe.BrewingRecipeHandler,crafting
codechicken.nei.recipe.FuelRecipeHandler,crafting
codechicken.nei.recipe.InformationHandler,crafting
codechicken.nei.recipe.RepairRecipeHandler,crafting
codechicken.nei.recipe.ProfilerRecipeHandler,crafting
appeng.integration.modules.NEIHelpers.NEIAEShapedRecipeHandler,crafting
appeng.integration.modules.NEIHelpers.NEIAEShapelessRecipeHandler,crafting
appeng.integration.modules.NEIHelpers.NEIInscriberRecipeHandler,crafting
appeng.integration.modules.NEIHelpers.NEIWorldCraftingHandler,crafting
appeng.integration.modules.NEIHelpers.NEIFacadeRecipeHandler,crafting
net.p455w0rd.wirelesscraftingterminal.integration.modules.NEIHelpers.NEIAEShapedRecipeHandler,crafting
buildcraft.compat.nei.RecipeHandlerRefinery,crafting
buildcraft.compat.nei.RecipeHandlerAssemblyTable,crafting
buildcraft.compat.nei.RecipeHandlerIntegrationTable,crafting
com.creativemd.creativecore.api.nei.NEIRecipeInfoHandler,crafting
hellfirepvp.beebetteratbees.client.gui.BBABGuiRecipeTreeHandler,crafting
gcewing.projectblue.nei.NEIRecipeHandler,crafting
com.github.dcysteine.neicustomdiagram.api.diagram.CustomDiagramGroup,crafting
com.github.dcysteine.neicustomdiagram.api.diagram.CustomDiagramGroup,crafting
com.github.dcysteine.neicustomdiagram.api.diagram.DiagramGroup,crafting
com.github.dcysteine.neicustomdiagram.api.diagram.AdaptiveWidthDiagramGroup,crafting
com.github.dcysteine.neicustomdiagram.api.diagram.DiagramGroup,crafting
com.github.dcysteine.neicustomdiagram.api.diagram.DiagramGroup,crafting
com.github.dcysteine.neicustomdiagram.api.diagram.DiagramGroup,crafting
com.github.dcysteine.neicustomdiagram.api.diagram.DiagramGroup,crafting
com.gtnewhorizon.cropsnh.compatibility.NEI.NEICropsNHCropHandler,crafting
com.gtnewhorizon.cropsnh.compatibility.NEI.NEICropsNHCropstickBreedingHandler,crafting
com.gtnewhorizon.cropsnh.compatibility.NEI.NEICropsNHMutationPoolHandler,crafting
com.gtnewhorizon.cropsnh.compatibility.NEI.NEICropsNHAlternateSeedHandler,crafting
com.bymarcin.openglasses.integration.nei.recipe.RecipeHandlerOpenGlassesChatBoxUpgrade,crafting
com.pam.harvestcraft.AnimalTrapRecipeHandler,crafting
micdoodle8.mods.galacticraft.planets.asteroids.nei.AstroMinerRecipeHandler,crafting
bq_standard.integration.nei.QuestRecipeHandler,crafting
team.chisel.compat.nei.RecipeHandlerChisel,crafting
ganymedes01.etfuturum.compat.nei.BannerPatternHandler,crafting
ganymedes01.etfuturum.compat.nei.SmokerRecipeHandler,crafting
ganymedes01.etfuturum.compat.nei.BlastFurnaceRecipeHandler,crafting
micdoodle8.mods.galacticraft.core.nei.BuggyRecipeHandler,crafting
micdoodle8.mods.galacticraft.core.nei.RefineryRecipeHandler,crafting
com.pam.harvestcraft.FishTrapRecipeHandler,crafting
lumien.randomthings.Handler.ModCompability.NEI.ImbuingStationRecipeHandler,crafting
micdoodle8.mods.galacticraft.planets.mars.nei.CargoRocketRecipeHandler,crafting
eu.usrv.enhancedlootbags.integration.nei.LootBagRecipeHandler,crafting
tonius.neiintegration.mods.mcforge.RecipeHandlerFluidRegistry,crafting
micdoodle8.mods.galacticraft.core.nei.CircuitFabricatorRecipeHandler,crafting
advsolar.client.nei.MTRecipeHandler,crafting
com.pam.harvestcraft.GardenRecipeHandler,crafting
mrtjp.projectred.core.libmc.recipe.PRShapedRecipeHandler,crafting
com.recursive_pineapple.matter_manipulator.client.nei.UpdateRecipeNEIHandler,crafting
dev.rndmorris.salisarcana.common.compat.nei.WandCoreSubstitutionHandler,crafting
tonius.neiintegration.mods.mcforge.RecipeHandlerOreDictionary,crafting
forestry.factory.recipes.nei.NEIHandlerBottler,crafting
mrtjp.projectred.core.libmc.recipe.PRShapelessRecipeHandler,crafting
com.kuba6000.mobsinfo.nei.MobHandler,crafting
galaxyspace.core.nei.AssemblyMachineRecipeHandler,crafting
galaxyspace.core.nei.RocketRecipeHandler,crafting
galaxyspace.core.nei.RocketRecipeHandler,crafting
galaxyspace.core.nei.RocketRecipeHandler,crafting
galaxyspace.core.nei.RocketRecipeHandler,crafting
galaxyspace.core.nei.RocketRecipeHandler,crafting
galaxyspace.core.nei.RocketRecipeHandler,crafting
galaxyspace.core.nei.RocketRecipeHandler,crafting
galaxyspace.core.nei.RocketRecipeHandler,crafting
WayofTime.alchemicalWizardry.client.nei.NEIAlchemyRecipeHandler,crafting
com.kuba6000.mobsinfo.nei.MobHandlerInfernal,crafting
ic2.neiIntegration.core.recipehandler.AdvRecipeHandler,crafting
dev.rndmorris.salisarcana.common.compat.nei.WandCapSubstitutionHandler,crafting
blockrenderer6343.integration.structurelib.StructureCompatNEIHandler,crafting
forestry.factory.recipes.nei.NEIHandlerCarpenter,crafting
WayofTime.alchemicalWizardry.client.nei.NEIAltarRecipeHandler,crafting
ic2.neiIntegration.core.recipehandler.AdvShapelessRecipeHandler,crafting
ic2.neiIntegration.core.recipehandler.MaceratorRecipeHandler,crafting
logisticspipes.nei.NEISolderingStationRecipeManager,crafting
gtPlusPlus.nei.DecayableRecipeHandler,crafting
gtneioreplugin.plugin.gregtech5.PluginGT5VeinStat,crafting
gtneioreplugin.plugin.gregtech5.PluginGT5SmallOreStat,crafting
gtneioreplugin.plugin.gregtech5.PluginGT5UndergroundFluid,crafting
com.brandon3055.draconicevolution.integration.nei.ReactorNEIHandler,crafting
com.kuba6000.mobsinfo.nei.VillagerTradesHandler,crafting
ic2.neiIntegration.core.recipehandler.ExtractorRecipeHandler,crafting
de.katzenpapst.amunra.nei.recipehandler.ARCircuitFab,crafting
binnie.genetics.nei.IsolatorRecipeHandler,crafting
binnie.genetics.nei.SequencerRecipeHandler,crafting
WayofTime.alchemicalWizardry.client.nei.NEIBloodOrbShapedHandler,crafting
ic2.neiIntegration.core.recipehandler.CompressorRecipeHandler,crafting
de.katzenpapst.amunra.nei.recipehandler.ARNasaWorkbenchShuttle,crafting
binnie.genetics.nei.PolymeriserRecipeHandler,crafting
gtnhintergalactic.nei.SpacePumpModuleRecipeHandler,crafting
bartworks.neiHandler.BioVatNEIHandler,crafting
com.gtnewhorizon.cropsnh.compatibility.NEI.CropsNHNEISeedGeneratorHandler,crafting
com.science.gtnl.common.gui.recipe.RocketAssemblerHandler,crafting
com.gtnewhorizon.cropsnh.compatibility.NEI.CropsNHNEICropBreederHandler,crafting
com.gtnewhorizon.cropsnh.compatibility.NEI.CropsNHNEICropGeneExtractorHandler,crafting
com.gtnewhorizon.cropsnh.compatibility.NEI.CropsNHNEICropSynthesizerHandler,crafting
forestry.factory.recipes.nei.NEIHandlerCentrifuge,crafting
flaxbeard.thaumicexploration.integration.nei.ReplicatorHandler,crafting
WayofTime.alchemicalWizardry.client.nei.NEIBloodOrbShapelessHandler,crafting
ic2.neiIntegration.core.recipehandler.ScrapboxRecipeHandler,crafting
com.gtnewhorizons.aspectrecipeindex.nei.ItemsContainingAspectHandler,crafting
com.gtnewhorizons.aspectrecipeindex.nei.AspectCombinationHandler,crafting
com.gtnewhorizons.aspectrecipeindex.nei.arcaneworkbench.ShapedArcaneRecipeHandler,crafting
com.gtnewhorizons.aspectrecipeindex.nei.arcaneworkbench.WandRecipeHandler,crafting
com.gtnewhorizons.aspectrecipeindex.nei.arcaneworkbench.ShapelessArcaneRecipeHandler,crafting
com.gtnewhorizons.aspectrecipeindex.nei.AlchemyRecipeHandler,crafting
com.gtnewhorizons.aspectrecipeindex.nei.InfusionRecipeHandler,crafting
com.cubefury.vendingmachine.integration.nei.NeiRecipeHandler,crafting
binnie.genetics.nei.InoculatorRecipeHandler,crafting
bartworks.neiHandler.BioLabNEIHandler,crafting
gtnhintergalactic.nei.GasSiphonRecipeHandler,crafting
witchinggadgets.client.nei.NEISpinningWheelHandler,crafting
alkalus.main.nei.NEI_Handler_Oven,crafting
fox.spiteful.avaritia.compat.nei.ExtremeShapedRecipeHandler,crafting
fox.spiteful.avaritia.compat.nei.ExtremeShapelessRecipeHandler,crafting
fox.spiteful.avaritia.compat.nei.CompressionHandler,crafting
net.bdew.gendustry.nei.TemplateCraftingHandler,crafting
ic2.neiIntegration.core.recipehandler.MetalFormerRecipeHandlerExtruding,crafting
gregtech.nei.GTNEIDefaultHandler,crafting
gregtech.nei.GTNEIDefaultHandler,crafting
gregtech.nei.GTNEIDefaultHandler,crafting
gregtech.nei.GTNEIDefaultHandler,crafting
gregtech.nei.GTNEIDefaultHandler,crafting
gregtech.nei.GTNEIDefaultHandler,crafting
gregtech.nei.GTNEIDefaultHandler,crafting
gregtech.nei.GTNEIDefaultHandler,crafting
gregtech.nei.GTNEIDefaultHandler,crafting
gregtech.nei.GTNEIDefaultHandler,crafting
gregtech.nei.GTNEIDefaultHandler,crafting
gregtech.nei.GTNEIDefaultHandler,crafting
gregtech.nei.GTNEIDefaultHandler,crafting
gregtech.nei.GTNEIDefaultHandler,crafting
gregtech.nei.GTNEIDefaultHandler,crafting
gregtech.nei.GTNEIDefaultHandler,crafting
gregtech.nei.GTNEIDefaultHandler,crafting
gregtech.nei.GTNEIDefaultHandler,crafting
gregtech.nei.GTNEIDefaultHandler,crafting
gregtech.nei.GTNEIDefaultHandler,crafting
gregtech.nei.GTNEIDefaultHandler,crafting
gregtech.nei.GTNEIDefaultHandler,crafting
gregtech.nei.GTNEIDefaultHandler,crafting
gregtech.nei.GTNEIDefaultHandler,crafting
gregtech.nei.GTNEIDefaultHandler,crafting
gregtech.nei.GTNEIDefaultHandler,crafting
gregtech.nei.GTNEIDefaultHandler,crafting
gregtech.nei.GTNEIDefaultHandler,crafting
gregtech.nei.GTNEIDefaultHandler,crafting
gregtech.nei.GTNEIDefaultHandler,crafting
gregtech.nei.GTNEIDefaultHandler,crafting
gregtech.nei.GTNEIDefaultHandler,crafting
gregtech.nei.GTNEIDefaultHandler,crafting
gregtech.nei.GTNEIDefaultHandler,crafting
gregtech.nei.GTNEIDefaultHandler,crafting
gregtech.nei.GTNEIDefaultHandler,crafting
gregtech.nei.GTNEIDefaultHandler,crafting
gregtech.nei.GTNEIDefaultHandler,crafting
gregtech.nei.GTNEIDefaultHandler,crafting
gregtech.nei.GTNEIDefaultHandler,crafting
gregtech.nei.GTNEIDefaultHandler,crafting
gregtech.nei.GTNEIDefaultHandler,crafting
gregtech.nei.GTNEIDefaultHandler,crafting
gregtech.nei.GTNEIDefaultHandler,crafting
gregtech.nei.GTNEIDefaultHandler,crafting
gregtech.nei.GTNEIDefaultHandler,crafting
gregtech.nei.GTNEIDefaultHandler,crafting
gregtech.nei.GTNEIDefaultHandler,crafting
gregtech.nei.GTNEIDefaultHandler,crafting
gregtech.nei.GTNEIDefaultHandler,crafting
gregtech.nei.GTNEIDefaultHandler,crafting
gregtech.nei.GTNEIDefaultHandler,crafting
net.bdew.neiaddons.botany.flowers.FlowerBreedingHandler,crafting
binnie.genetics.nei.AnalyserRecipeHandler,crafting
binnie.genetics.nei.IncubatorRecipeHandler,crafting
crazypants.enderio.nei.AlloySmelterRecipeHandler,crafting
tonius.neiintegration.mods.railcraft.RecipeHandlerBlastFurnace,crafting
witchinggadgets.client.nei.NEIInfernalBlastfurnaceHandler,crafting
alkalus.main.nei.NEI_Handler_Distillery,crafting
forestry.factory.recipes.nei.NEIHandlerFabricator,crafting
ic2.neiIntegration.core.recipehandler.MetalFormerRecipeHandlerCutting,crafting
gregtech.nei.GTNEIDefaultHandler,crafting
gregtech.nei.GTNEIDefaultHandler,crafting
gregtech.nei.GTNEIDefaultHandler,crafting
gregtech.nei.GTNEIDefaultHandler,crafting
gregtech.nei.GTNEIDefaultHandler,crafting
gregtech.nei.GTNEIDefaultHandler,crafting
gregtech.nei.GTNEIDefaultHandler,crafting
gregtech.nei.GTNEIDefaultHandler,crafting
gregtech.nei.GTNEIDefaultHandler,crafting
gregtech.nei.GTNEIDefaultHandler,crafting
gregtech.nei.GTNEIDefaultHandler,crafting
gregtech.nei.GTNEIDefaultHandler,crafting
gregtech.nei.GTNEIDefaultHandler,crafting
gregtech.nei.GTNEIDefaultHandler,crafting
gregtech.nei.GTNEIDefaultHandler,crafting
gregtech.nei.GTNEIDefaultHandler,crafting
gregtech.nei.GTNEIDefaultHandler,crafting
gregtech.nei.GTNEIDefaultHandler,crafting
gregtech.nei.GTNEIDefaultHandler,crafting
gregtech.nei.GTNEIDefaultHandler,crafting
gregtech.nei.GTNEIDefaultHandler,crafting
gregtech.nei.GTNEIDefaultHandler,crafting
gregtech.nei.GTNEIDefaultHandler,crafting
gregtech.nei.GTNEIDefaultHandler,crafting
gregtech.nei.GTNEIDefaultHandler,crafting
gregtech.nei.GTNEIDefaultHandler,crafting
gregtech.nei.GTNEIDefaultHandler,crafting
gregtech.nei.GTNEIDefaultHandler,crafting
gregtech.nei.GTNEIDefaultHandler,crafting
gregtech.nei.GTNEIDefaultHandler,crafting
gregtech.nei.GTNEIDefaultHandler,crafting
gregtech.nei.GTNEIDefaultHandler,crafting
gregtech.nei.GTNEIDefaultHandler,crafting
gregtech.nei.GTNEIDefaultHandler,crafting
gregtech.nei.GTNEIDefaultHandler,crafting
gregtech.nei.GTNEIDefaultHandler,crafting
gregtech.nei.GTNEIDefaultHandler,crafting
gregtech.nei.GTNEIDefaultHandler,crafting
gregtech.nei.GTNEIDefaultHandler,crafting
gregtech.nei.GTNEIDefaultHandler,crafting
gregtech.nei.GTNEIDefaultHandler,crafting
gregtech.nei.GTNEIDefaultHandler,crafting
gregtech.nei.GTNEIDefaultHandler,crafting
gregtech.nei.GTNEIDefaultHandler,crafting
gregtech.nei.GTNEIDefaultHandler,crafting
gregtech.nei.GTNEIDefaultHandler,crafting
gregtech.nei.GTNEIDefaultHandler,crafting
gregtech.nei.GTNEIDefaultHandler,crafting
gregtech.nei.GTNEIDefaultHandler,crafting
gregtech.nei.GTNEIDefaultHandler,crafting
gregtech.nei.GTNEIDefaultHandler,crafting
gregtech.nei.GTNEIDefaultHandler,crafting
gregtech.nei.GTNEIDefaultHandler,crafting
gregtech.nei.GTNEIDefaultHandler,crafting
gregtech.nei.GTNEIDefaultHandler,crafting
gregtech.nei.GTNEIDefaultHandler,crafting
gregtech.nei.GTNEIDefaultHandler,crafting
gregtech.nei.GTNEIDefaultHandler,crafting
gregtech.nei.GTNEIDefaultHandler,crafting
gregtech.nei.GTNEIDefaultHandler,crafting
gregtech.nei.GTNEIDefaultHandler,crafting
gregtech.nei.GTNEIDefaultHandler,crafting
gregtech.nei.GTNEIDefaultHandler,crafting
gregtech.nei.GTNEIDefaultHandler,crafting
gregtech.nei.GTNEIDefaultHandler,crafting
gregtech.nei.GTNEIDefaultHandler,crafting
gregtech.nei.GTNEIDefaultHandler,crafting
gregtech.nei.GTNEIDefaultHandler,crafting
gregtech.nei.GTNEIDefaultHandler,crafting
gregtech.nei.GTNEIDefaultHandler,crafting
gregtech.nei.GTNEIDefaultHandler,crafting
gregtech.nei.GTNEIDefaultHandler,crafting
gregtech.nei.GTNEIDefaultHandler,crafting
gregtech.nei.GTNEIDefaultHandler,crafting
gregtech.nei.GTNEIDefaultHandler,crafting
gregtech.nei.GTNEIDefaultHandler,crafting
gregtech.nei.GTNEIDefaultHandler,crafting
gregtech.nei.GTNEIDefaultHandler,crafting
gregtech.nei.GTNEIDefaultHandler,crafting
gregtech.nei.GTNEIDefaultHandler,crafting
gregtech.nei.GTNEIDefaultHandler,crafting
gregtech.nei.GTNEIDefaultHandler,crafting
gregtech.nei.GTNEIDefaultHandler,crafting
gregtech.nei.GTNEIDefaultHandler,crafting
gregtech.nei.GTNEIDefaultHandler,crafting
gregtech.nei.GTNEIDefaultHandler,crafting
gregtech.nei.GTNEIDefaultHandler,crafting
gregtech.nei.GTNEIDefaultHandler,crafting
gregtech.nei.GTNEIDefaultHandler,crafting
gregtech.nei.GTNEIDefaultHandler,crafting
gregtech.nei.GTNEIDefaultHandler,crafting
gregtech.nei.GTNEIDefaultHandler,crafting
gregtech.nei.GTNEIDefaultHandler,crafting
gregtech.nei.GTNEIDefaultHandler,crafting
gregtech.nei.GTNEIDefaultHandler,crafting
gregtech.nei.GTNEIDefaultHandler,crafting
gregtech.nei.GTNEIDefaultHandler,crafting
gregtech.nei.GTNEIDefaultHandler,crafting
gregtech.nei.GTNEIDefaultHandler,crafting
gregtech.nei.GTNEIDefaultHandler,crafting
gregtech.nei.GTNEIDefaultHandler,crafting
gregtech.nei.GTNEIDefaultHandler,crafting
gregtech.nei.GTNEIDefaultHandler,crafting
gregtech.nei.GTNEIDefaultHandler,crafting
gregtech.nei.GTNEIDefaultHandler,crafting
gregtech.nei.GTNEIDefaultHandler,crafting
gregtech.nei.GTNEIDefaultHandler,crafting
gregtech.nei.GTNEIDefaultHandler,crafting
gregtech.nei.GTNEIDefaultHandler,crafting
gregtech.nei.GTNEIDefaultHandler,crafting
gregtech.nei.GTNEIDefaultHandler,crafting
gregtech.nei.GTNEIDefaultHandler,crafting
gregtech.nei.GTNEIDefaultHandler,crafting
gregtech.nei.GTNEIDefaultHandler,crafting
gregtech.nei.GTNEIDefaultHandler,crafting
gregtech.nei.GTNEIDefaultHandler,crafting
gregtech.nei.GTNEIDefaultHandler,crafting
gregtech.nei.GTNEIDefaultHandler,crafting
gregtech.nei.GTNEIDefaultHandler,crafting
gregtech.nei.GTNEIDefaultHandler,crafting
gregtech.nei.GTNEIDefaultHandler,crafting
gregtech.nei.GTNEIDefaultHandler,crafting
gregtech.nei.GTNEIDefaultHandler,crafting
gregtech.nei.GTNEIDefaultHandler,crafting
gregtech.nei.GTNEIDefaultHandler,crafting
gregtech.nei.GTNEIDefaultHandler,crafting
gregtech.nei.GTNEIDefaultHandler,crafting
gregtech.nei.GTNEIDefaultHandler,crafting
gregtech.nei.GTNEIDefaultHandler,crafting
gregtech.nei.GTNEIDefaultHandler,crafting
gregtech.nei.GTNEIDefaultHandler,crafting
gregtech.nei.GTNEIDefaultHandler,crafting
gregtech.nei.GTNEIDefaultHandler,crafting
gregtech.nei.GTNEIDefaultHandler,crafting
gregtech.nei.GTNEIDefaultHandler,crafting
gregtech.nei.GTNEIDefaultHandler,crafting
gregtech.nei.GTNEIDefaultHandler,crafting
gregtech.nei.GTNEIDefaultHandler,crafting
gregtech.nei.GTNEIDefaultHandler,crafting
gregtech.nei.GTNEIDefaultHandler,crafting
gregtech.nei.GTNEIDefaultHandler,crafting
gregtech.nei.GTNEIDefaultHandler,crafting
gregtech.nei.GTNEIDefaultHandler,crafting
gregtech.nei.GTNEIDefaultHandler,crafting
gregtech.nei.GTNEIDefaultHandler,crafting
gregtech.nei.GTNEIDefaultHandler,crafting
gregtech.nei.GTNEIDefaultHandler,crafting
gregtech.nei.GTNEIDefaultHandler,crafting
gregtech.nei.GTNEIDefaultHandler,crafting
gregtech.nei.GTNEIDefaultHandler,crafting
gregtech.nei.GTNEIDefaultHandler,crafting
gregtech.nei.GTNEIDefaultHandler,crafting
gregtech.nei.GTNEIDefaultHandler,crafting
gregtech.nei.GTNEIDefaultHandler,crafting
gregtech.nei.GTNEIDefaultHandler,crafting
gregtech.nei.GTNEIDefaultHandler,crafting
gregtech.nei.GTNEIDefaultHandler,crafting
gregtech.nei.GTNEIDefaultHandler,crafting
gregtech.nei.GTNEIDefaultHandler,crafting
gregtech.nei.GTNEIDefaultHandler,crafting
gregtech.nei.GTNEIDefaultHandler,crafting
gregtech.nei.GTNEIDefaultHandler,crafting
gregtech.nei.GTNEIDefaultHandler,crafting
gregtech.nei.GTNEIDefaultHandler,crafting
gregtech.nei.GTNEIDefaultHandler,crafting
gregtech.nei.GTNEIDefaultHandler,crafting
gregtech.nei.GTNEIDefaultHandler,crafting
gregtech.nei.GTNEIDefaultHandler,crafting
gregtech.nei.GTNEIDefaultHandler,crafting
gregtech.nei.GTNEIDefaultHandler,crafting
gregtech.nei.GTNEIDefaultHandler,crafting
gregtech.nei.GTNEIDefaultHandler,crafting
gregtech.nei.GTNEIDefaultHandler,crafting
gregtech.nei.GTNEIDefaultHandler,crafting
gregtech.nei.GTNEIDefaultHandler,crafting
gregtech.nei.GTNEIDefaultHandler,crafting
gregtech.nei.GTNEIDefaultHandler,crafting
gregtech.nei.GTNEIDefaultHandler,crafting
gregtech.nei.GTNEIDefaultHandler,crafting
gregtech.nei.GTNEIDefaultHandler,crafting
gregtech.nei.GTNEIDefaultHandler,crafting
gregtech.nei.GTNEIDefaultHandler,crafting
gregtech.nei.GTNEIDefaultHandler,crafting
gregtech.nei.GTNEIDefaultHandler,crafting
gregtech.nei.GTNEIDefaultHandler,crafting
gregtech.nei.GTNEIDefaultHandler,crafting
gregtech.nei.GTNEIDefaultHandler,crafting
gregtech.nei.GTNEIDefaultHandler,crafting
gregtech.nei.GTNEIDefaultHandler,crafting
gregtech.nei.GTNEIDefaultHandler,crafting
gregtech.nei.GTNEIDefaultHandler,crafting
gregtech.nei.GTNEIDefaultHandler,crafting
gregtech.nei.GTNEIDefaultHandler,crafting
gregtech.nei.GTNEIDefaultHandler,crafting
gregtech.nei.GTNEIDefaultHandler,crafting
gregtech.nei.GTNEIDefaultHandler,crafting
gregtech.nei.GTNEIDefaultHandler,crafting
gregtech.nei.GTNEIDefaultHandler,crafting
gregtech.nei.GTNEIDefaultHandler,crafting
gregtech.nei.GTNEIDefaultHandler,crafting
gregtech.nei.GTNEIDefaultHandler,crafting
gregtech.nei.GTNEIDefaultHandler,crafting
gregtech.nei.GTNEIDefaultHandler,crafting
gregtech.nei.GTNEIDefaultHandler,crafting
gregtech.nei.GTNEIDefaultHandler,crafting
gregtech.nei.GTNEIDefaultHandler,crafting
gregtech.nei.GTNEIDefaultHandler,crafting
gregtech.nei.GTNEIDefaultHandler,crafting
gregtech.nei.GTNEIDefaultHandler,crafting
gregtech.nei.GTNEIDefaultHandler,crafting
gregtech.nei.GTNEIDefaultHandler,crafting
gregtech.nei.GTNEIDefaultHandler,crafting
gregtech.nei.GTNEIDefaultHandler,crafting
gregtech.nei.GTNEIDefaultHandler,crafting
gregtech.nei.GTNEIDefaultHandler,crafting
gregtech.nei.GTNEIDefaultHandler,crafting
gregtech.nei.GTNEIDefaultHandler,crafting
gregtech.nei.GTNEIDefaultHandler,crafting
gregtech.nei.GTNEIDefaultHandler,crafting
gregtech.nei.GTNEIDefaultHandler,crafting
gregtech.nei.GTNEIDefaultHandler,crafting
gregtech.nei.GTNEIDefaultHandler,crafting
gregtech.nei.GTNEIDefaultHandler,crafting
gregtech.nei.GTNEIDefaultHandler,crafting
gregtech.nei.GTNEIDefaultHandler,crafting
gregtech.nei.GTNEIDefaultHandler,crafting
gregtech.nei.GTNEIDefaultHandler,crafting
gregtech.nei.GTNEIDefaultHandler,crafting
gregtech.nei.GTNEIDefaultHandler,crafting
gregtech.nei.GTNEIDefaultHandler,crafting
gregtech.nei.GTNEIDefaultHandler,crafting
gregtech.nei.GTNEIDefaultHandler,crafting
gregtech.nei.GTNEIDefaultHandler,crafting
gregtech.nei.GTNEIDefaultHandler,crafting
gregtech.nei.GTNEIDefaultHandler,crafting
gregtech.nei.GTNEIDefaultHandler,crafting
gregtech.nei.GTNEIDefaultHandler,crafting
gregtech.nei.GTNEIDefaultHandler,crafting
gregtech.nei.GTNEIDefaultHandler,crafting
gregtech.nei.GTNEIDefaultHandler,crafting
gregtech.nei.GTNEIDefaultHandler,crafting
gregtech.nei.GTNEIDefaultHandler,crafting
gregtech.nei.GTNEIDefaultHandler,crafting
gregtech.nei.GTNEIDefaultHandler,crafting
gregtech.nei.GTNEIDefaultHandler,crafting
gregtech.nei.GTNEIDefaultHandler,crafting
gregtech.nei.GTNEIDefaultHandler,crafting
gregtech.nei.GTNEIDefaultHandler,crafting
gregtech.nei.GTNEIDefaultHandler,crafting
gregtech.nei.GTNEIDefaultHandler,crafting
gregtech.nei.GTNEIDefaultHandler,crafting
gregtech.nei.GTNEIDefaultHandler,crafting
gregtech.nei.GTNEIDefaultHandler,crafting
gregtech.nei.GTNEIDefaultHandler,crafting
gregtech.nei.GTNEIDefaultHandler,crafting
gregtech.nei.GTNEIDefaultHandler,crafting
gregtech.nei.GTNEIDefaultHandler,crafting
gregtech.nei.GTNEIDefaultHandler,crafting
gregtech.nei.GTNEIDefaultHandler,crafting
gregtech.nei.GTNEIDefaultHandler,crafting
gregtech.nei.GTNEIDefaultHandler,crafting
gregtech.nei.GTNEIDefaultHandler,crafting
gregtech.nei.GTNEIDefaultHandler,crafting
gregtech.nei.GTNEIDefaultHandler,crafting
gregtech.nei.GTNEIDefaultHandler,crafting
gregtech.nei.GTNEIDefaultHandler,crafting
gregtech.nei.GTNEIDefaultHandler,crafting
gregtech.nei.GTNEIDefaultHandler,crafting
gregtech.nei.GTNEIDefaultHandler,crafting
gregtech.nei.GTNEIDefaultHandler,crafting
gregtech.nei.GTNEIDefaultHandler,crafting
gregtech.nei.GTNEIDefaultHandler,crafting
gregtech.nei.GTNEIDefaultHandler,crafting
gregtech.nei.GTNEIDefaultHandler,crafting
gregtech.nei.GTNEIDefaultHandler,crafting
gregtech.nei.GTNEIImprintHandler,crafting
gregtech.nei.GTNEIMacerationStackConversion,crafting
binnie.genetics.nei.GenepoolRecipeHandler,crafting
vazkii.botania.client.integration.nei.recipe.RecipeHandlerFloatingFlowers,crafting
alkalus.main.nei.NEI_Handler_Kettle,crafting
WayofTime.alchemicalWizardry.client.nei.NEIBindingRitualHandler,crafting
ic2.neiIntegration.core.recipehandler.MetalFormerRecipeHandlerRolling,crafting
binnie.extratrees.nei.NEIHandlerLumbermill,crafting
binnie.genetics.nei.AcclimatiserRecipeHandler,crafting
tconstruct.plugins.nei.RecipeHandlerDryingRack,crafting
tconstruct.plugins.nei.RecipeHandlerToolMaterials,crafting
tconstruct.plugins.nei.RecipeHandlerMelting,crafting
tconstruct.plugins.nei.RecipeHandlerAlloying,crafting
tconstruct.plugins.nei.RecipeHandlerCastingTable,crafting
tconstruct.plugins.nei.RecipeHandlerCastingBasin,crafting
vazkii.botania.client.integration.nei.recipe.RecipeHandlerPetalApothecary,crafting
alkalus.main.nei.NEI_Handler_Cauldron,crafting
forestry.factory.recipes.nei.NEIHandlerFermenter,crafting
WayofTime.alchemicalWizardry.client.nei.NEIMeteorRecipeHandler,crafting
ic2.neiIntegration.core.recipehandler.CentrifugeRecipeHandler,crafting
net.bdew.neiaddons.forestry.bees.BeeBreedingHandler,crafting
binnie.genetics.nei.SplicerRecipeHandler,crafting
net.bdew.neiaddons.forestry.bees.BeeProduceHandler,crafting
crazypants.enderio.nei.SagMillRecipeHandler,crafting
tonius.neiintegration.mods.railcraft.RecipeHandlerCokeOven,crafting
vazkii.botania.client.integration.nei.recipe.RecipeHandlerRunicAltar,crafting
alkalus.main.nei.NEI_Handler_SpinningWheel,crafting
WayofTime.alchemicalWizardry.client.nei.NEICalcinatorHandler,crafting
ic2.neiIntegration.core.recipehandler.BlockCutterRecipeHandler,crafting
binnie.genetics.nei.DatabaseRecipeHandler,crafting
thaumic.tinkerer.client.nei.NEINecromancyHandler,crafting
vazkii.botania.client.integration.nei.recipe.RecipeHandlerManaPool,crafting
forestry.factory.recipes.nei.NEIHandlerMoistener,crafting
ic2.neiIntegration.core.recipehandler.OreWashingRecipeHandler,crafting
thaumic.tinkerer.client.nei.NEIInfusedSeedRecipeHandler,crafting
crazypants.enderio.nei.VatRecipeHandler,crafting
vazkii.botania.client.integration.nei.recipe.RecipeHandlerElvenTrade,crafting
galaxyspace.core.nei.CustomRockRecipeHandler,crafting
crazypants.enderio.nei.EnchanterRecipeHandler,crafting
tonius.neiintegration.mods.railcraft.RecipeHandlerRockCrusher,crafting
vazkii.botania.client.integration.nei.recipe.RecipeHandlerBrewery,crafting
forestry.factory.recipes.nei.NEIHandlerSqueezer,crafting
ic2.neiIntegration.core.recipehandler.SolidCannerRecipeHandler,crafting
vazkii.botania.client.integration.nei.recipe.RecipeHandlerPureDaisy,crafting
ic2.neiIntegration.core.recipehandler.BlastFurnaceRecipeHandler,crafting
crazypants.enderio.nei.SliceAndSpliceRecipeHandler,crafting
tonius.neiintegration.mods.railcraft.RecipeHandlerRollingMachineShaped,crafting
vazkii.botania.client.integration.nei.recipe.RecipeHandlerLexicaBotania,crafting
forestry.factory.recipes.nei.NEIHandlerStill,crafting
ic2.neiIntegration.core.recipehandler.LatheRecipeHandler,crafting
tonius.neiintegration.mods.railcraft.RecipeHandlerRollingMachineShapeless,crafting
net.bdew.gendustry.nei.MutagenProducerHandler,crafting
ic2.neiIntegration.core.recipehandler.FluidCannerRecipeHandler,crafting
crazypants.enderio.nei.SoulBinderRecipeHandler,crafting
net.bdew.neiaddons.forestry.trees.TreeBreedingHandler,crafting
net.bdew.neiaddons.forestry.trees.TreeProduceHandler,crafting
net.bdew.neiaddons.forestry.butterflies.ButterflyBreedingHandler,crafting
net.bdew.gendustry.nei.MutatronHandler,crafting
net.bdew.gendustry.nei.SamplerHandler,crafting
net.bdew.gendustry.nei.ImprinterHandler,crafting
net.bdew.gendustry.nei.ExtractorHandler,crafting
net.bdew.gendustry.nei.LiquifierHandler,crafting
com.rwtema.extrautils.nei.EnderConstructorHandler,crafting
net.bdew.gendustry.nei.ReplicatorHandler,crafting
com.rwtema.extrautils.nei.InfoHandler,crafting
net.bdew.gendustry.nei.TransposerHandler,crafting
com.rwtema.extrautils.nei.SoulHandler,crafting
com.rwtema.extrautils.nei.FMPMicroBlocksHandler,crafting
com.rwtema.extrautils.nei.MicroBlocksHandler,crafting
blockrenderer6343.integration.gregtech.GTNEIMultiblockHandler,crafting
codechicken.nei.recipe.ShapedRecipeHandler,usage
codechicken.nei.recipe.ShapelessRecipeHandler,usage
codechicken.nei.recipe.FireworkRecipeHandler,usage
codechicken.nei.recipe.FurnaceRecipeHandler,usage
codechicken.nei.recipe.BrewingRecipeHandler,usage
codechicken.nei.recipe.FuelRecipeHandler,usage
codechicken.nei.recipe.InformationHandler,usage
codechicken.nei.recipe.RepairRecipeHandler,usage
codechicken.nei.recipe.ProfilerRecipeHandler,usage
appeng.integration.modules.NEIHelpers.NEIAEShapedRecipeHandler,usage
appeng.integration.modules.NEIHelpers.NEIAEShapelessRecipeHandler,usage
appeng.integration.modules.NEIHelpers.NEIInscriberRecipeHandler,usage
appeng.integration.modules.NEIHelpers.NEIWorldCraftingHandler,usage
appeng.integration.modules.NEIHelpers.NEICellViewHandler,usage
appeng.integration.modules.NEIHelpers.NEIPatternViewHandler,usage
appeng.integration.modules.NEIHelpers.NEIFacadeRecipeHandler,usage
buildcraft.compat.nei.RecipeHandlerRefinery,usage
buildcraft.compat.nei.RecipeHandlerAssemblyTable,usage
buildcraft.compat.nei.RecipeHandlerIntegrationTable,usage
com.creativemd.creativecore.api.nei.NEIRecipeInfoHandler,usage
hellfirepvp.beebetteratbees.client.gui.BBABGuiRecipeTreeHandler,usage
gcewing.projectblue.nei.NEIRecipeHandler,usage
com.github.dcysteine.neicustomdiagram.api.diagram.CustomDiagramGroup,usage
com.github.dcysteine.neicustomdiagram.api.diagram.CustomDiagramGroup,usage
com.github.dcysteine.neicustomdiagram.api.diagram.DiagramGroup,usage
com.github.dcysteine.neicustomdiagram.api.diagram.AdaptiveWidthDiagramGroup,usage
com.github.dcysteine.neicustomdiagram.api.diagram.DiagramGroup,usage
com.github.dcysteine.neicustomdiagram.api.diagram.DiagramGroup,usage
com.github.dcysteine.neicustomdiagram.api.diagram.DiagramGroup,usage
com.github.dcysteine.neicustomdiagram.api.diagram.DiagramGroup,usage
com.gtnewhorizon.cropsnh.compatibility.NEI.NEICropsNHCropHandler,usage
com.gtnewhorizon.cropsnh.compatibility.NEI.NEICropsNHCropstickBreedingHandler,usage
com.gtnewhorizon.cropsnh.compatibility.NEI.NEICropsNHMutationPoolHandler,usage
com.gtnewhorizon.cropsnh.compatibility.NEI.NEICropsNHAlternateSeedHandler,usage
com.bymarcin.openglasses.integration.nei.recipe.RecipeHandlerOpenGlassesChatBoxUpgrade,usage
micdoodle8.mods.galacticraft.planets.asteroids.nei.AstroMinerRecipeHandler,usage
bq_standard.integration.nei.QuestRecipeHandler,usage
team.chisel.compat.nei.RecipeHandlerChisel,usage
ganymedes01.etfuturum.compat.nei.BannerPatternHandler,usage
ganymedes01.etfuturum.compat.nei.SmokerRecipeHandler,usage
ganymedes01.etfuturum.compat.nei.BlastFurnaceRecipeHandler,usage
micdoodle8.mods.galacticraft.core.nei.BuggyRecipeHandler,usage
micdoodle8.mods.galacticraft.core.nei.RefineryRecipeHandler,usage
lumien.randomthings.Handler.ModCompability.NEI.ImbuingStationRecipeHandler,usage
micdoodle8.mods.galacticraft.planets.mars.nei.CargoRocketRecipeHandler,usage
eu.usrv.enhancedlootbags.integration.nei.LootBagRecipeHandler,usage
tonius.neiintegration.mods.mcforge.RecipeHandlerFluidRegistry,usage
micdoodle8.mods.galacticraft.core.nei.CircuitFabricatorRecipeHandler,usage
advsolar.client.nei.MTRecipeHandler,usage
com.pam.harvestcraft.AnimalTrapRecipeHandler,usage
com.pam.harvestcraft.FishTrapRecipeHandler,usage
com.pam.harvestcraft.GardenRecipeHandler,usage
mrtjp.projectred.core.libmc.recipe.PRShapedRecipeHandler,usage
com.recursive_pineapple.matter_manipulator.client.nei.UpdateRecipeNEIHandler,usage
dev.rndmorris.salisarcana.common.compat.nei.WandCoreSubstitutionHandler,usage
tonius.neiintegration.mods.mcforge.RecipeHandlerOreDictionary,usage
forestry.factory.recipes.nei.NEIHandlerBottler,usage
mrtjp.projectred.core.libmc.recipe.PRShapelessRecipeHandler,usage
com.kuba6000.mobsinfo.nei.MobHandler,usage
galaxyspace.core.nei.AssemblyMachineRecipeHandler,usage
galaxyspace.core.nei.RocketRecipeHandler,usage
galaxyspace.core.nei.RocketRecipeHandler,usage
galaxyspace.core.nei.RocketRecipeHandler,usage
galaxyspace.core.nei.RocketRecipeHandler,usage
galaxyspace.core.nei.RocketRecipeHandler,usage
galaxyspace.core.nei.RocketRecipeHandler,usage
galaxyspace.core.nei.RocketRecipeHandler,usage
galaxyspace.core.nei.RocketRecipeHandler,usage
WayofTime.alchemicalWizardry.client.nei.NEIAlchemyRecipeHandler,usage
com.kuba6000.mobsinfo.nei.MobHandlerInfernal,usage
ic2.neiIntegration.core.recipehandler.AdvRecipeHandler,usage
li.cil.oc.integration.nei.ManualUsageHandler,usage
dev.rndmorris.salisarcana.common.compat.nei.WandCapSubstitutionHandler,usage
blockrenderer6343.integration.structurelib.StructureCompatNEIHandler,usage
forestry.factory.recipes.nei.NEIHandlerCarpenter,usage
WayofTime.alchemicalWizardry.client.nei.NEIAltarRecipeHandler,usage
ic2.neiIntegration.core.recipehandler.AdvShapelessRecipeHandler,usage
ic2.neiIntegration.core.recipehandler.MaceratorRecipeHandler,usage
li.cil.oc.integration.nei.CallbackDocHandler,usage
logisticspipes.nei.NEISolderingStationRecipeManager,usage
gtPlusPlus.nei.DecayableRecipeHandler,usage
gtneioreplugin.plugin.gregtech5.PluginGT5VeinStat,usage
gtneioreplugin.plugin.gregtech5.PluginGT5SmallOreStat,usage
gtneioreplugin.plugin.gregtech5.PluginGT5UndergroundFluid,usage
com.brandon3055.draconicevolution.integration.nei.ReactorNEIHandler,usage
com.kuba6000.mobsinfo.nei.VillagerTradesHandler,usage
ic2.neiIntegration.core.recipehandler.ExtractorRecipeHandler,usage
de.katzenpapst.amunra.nei.recipehandler.ARCircuitFab,usage
binnie.genetics.nei.IsolatorRecipeHandler,usage
binnie.genetics.nei.SequencerRecipeHandler,usage
WayofTime.alchemicalWizardry.client.nei.NEIBloodOrbShapedHandler,usage
ic2.neiIntegration.core.recipehandler.CompressorRecipeHandler,usage
de.katzenpapst.amunra.nei.recipehandler.ARNasaWorkbenchShuttle,usage
binnie.genetics.nei.PolymeriserRecipeHandler,usage
bartworks.neiHandler.BioVatNEIHandler,usage
com.gtnewhorizon.cropsnh.compatibility.NEI.CropsNHNEISeedGeneratorHandler,usage
gtnhintergalactic.nei.SpacePumpModuleRecipeHandler,usage
com.science.gtnl.common.gui.recipe.RocketAssemblerHandler,usage
com.gtnewhorizon.cropsnh.compatibility.NEI.CropsNHNEICropBreederHandler,usage
com.gtnewhorizon.cropsnh.compatibility.NEI.CropsNHNEICropGeneExtractorHandler,usage
com.gtnewhorizon.cropsnh.compatibility.NEI.CropsNHNEICropSynthesizerHandler,usage
forestry.factory.recipes.nei.NEIHandlerCentrifuge,usage
flaxbeard.thaumicexploration.integration.nei.ReplicatorHandler,usage
WayofTime.alchemicalWizardry.client.nei.NEIBloodOrbShapelessHandler,usage
ic2.neiIntegration.core.recipehandler.ScrapboxRecipeHandler,usage
com.gtnewhorizons.aspectrecipeindex.nei.ItemsContainingAspectHandler,usage
com.gtnewhorizons.aspectrecipeindex.nei.AspectCombinationHandler,usage
com.gtnewhorizons.aspectrecipeindex.nei.arcaneworkbench.ShapedArcaneRecipeHandler,usage
com.gtnewhorizons.aspectrecipeindex.nei.arcaneworkbench.WandRecipeHandler,usage
com.gtnewhorizons.aspectrecipeindex.nei.arcaneworkbench.ShapelessArcaneRecipeHandler,usage
com.gtnewhorizons.aspectrecipeindex.nei.AlchemyRecipeHandler,usage
com.gtnewhorizons.aspectrecipeindex.nei.InfusionRecipeHandler,usage
com.cubefury.vendingmachine.integration.nei.NeiRecipeHandler,usage
binnie.genetics.nei.InoculatorRecipeHandler,usage
bartworks.neiHandler.BioLabNEIHandler,usage
gtnhintergalactic.nei.GasSiphonRecipeHandler,usage
witchinggadgets.client.nei.NEISpinningWheelHandler,usage
alkalus.main.nei.NEI_Handler_Oven,usage
fox.spiteful.avaritia.compat.nei.ExtremeShapedRecipeHandler,usage
fox.spiteful.avaritia.compat.nei.ExtremeShapelessRecipeHandler,usage
fox.spiteful.avaritia.compat.nei.CompressionHandler,usage
net.bdew.gendustry.nei.TemplateCraftingHandler,usage
ic2.neiIntegration.core.recipehandler.MetalFormerRecipeHandlerExtruding,usage
gregtech.nei.GTNEIDefaultHandler,usage
gregtech.nei.GTNEIDefaultHandler,usage
gregtech.nei.GTNEIDefaultHandler,usage
gregtech.nei.GTNEIDefaultHandler,usage
gregtech.nei.GTNEIDefaultHandler,usage
gregtech.nei.GTNEIDefaultHandler,usage
gregtech.nei.GTNEIDefaultHandler,usage
gregtech.nei.GTNEIDefaultHandler,usage
gregtech.nei.GTNEIDefaultHandler,usage
gregtech.nei.GTNEIDefaultHandler,usage
gregtech.nei.GTNEIDefaultHandler,usage
gregtech.nei.GTNEIDefaultHandler,usage
gregtech.nei.GTNEIDefaultHandler,usage
gregtech.nei.GTNEIDefaultHandler,usage
gregtech.nei.GTNEIDefaultHandler,usage
gregtech.nei.GTNEIDefaultHandler,usage
gregtech.nei.GTNEIDefaultHandler,usage
gregtech.nei.GTNEIDefaultHandler,usage
gregtech.nei.GTNEIDefaultHandler,usage
gregtech.nei.GTNEIDefaultHandler,usage
gregtech.nei.GTNEIDefaultHandler,usage
gregtech.nei.GTNEIDefaultHandler,usage
gregtech.nei.GTNEIDefaultHandler,usage
gregtech.nei.GTNEIDefaultHandler,usage
gregtech.nei.GTNEIDefaultHandler,usage
gregtech.nei.GTNEIDefaultHandler,usage
gregtech.nei.GTNEIDefaultHandler,usage
gregtech.nei.GTNEIDefaultHandler,usage
gregtech.nei.GTNEIDefaultHandler,usage
gregtech.nei.GTNEIDefaultHandler,usage
gregtech.nei.GTNEIDefaultHandler,usage
gregtech.nei.GTNEIDefaultHandler,usage
gregtech.nei.GTNEIDefaultHandler,usage
gregtech.nei.GTNEIDefaultHandler,usage
gregtech.nei.GTNEIDefaultHandler,usage
gregtech.nei.GTNEIDefaultHandler,usage
gregtech.nei.GTNEIDefaultHandler,usage
gregtech.nei.GTNEIDefaultHandler,usage
gregtech.nei.GTNEIDefaultHandler,usage
gregtech.nei.GTNEIDefaultHandler,usage
gregtech.nei.GTNEIDefaultHandler,usage
gregtech.nei.GTNEIDefaultHandler,usage
gregtech.nei.GTNEIDefaultHandler,usage
gregtech.nei.GTNEIDefaultHandler,usage
gregtech.nei.GTNEIDefaultHandler,usage
gregtech.nei.GTNEIDefaultHandler,usage
gregtech.nei.GTNEIDefaultHandler,usage
gregtech.nei.GTNEIDefaultHandler,usage
gregtech.nei.GTNEIDefaultHandler,usage
gregtech.nei.GTNEIDefaultHandler,usage
gregtech.nei.GTNEIDefaultHandler,usage
gregtech.nei.GTNEIDefaultHandler,usage
net.bdew.neiaddons.botany.flowers.FlowerBreedingHandler,usage
binnie.genetics.nei.AnalyserRecipeHandler,usage
binnie.genetics.nei.IncubatorRecipeHandler,usage
crazypants.enderio.nei.AlloySmelterRecipeHandler,usage
tonius.neiintegration.mods.railcraft.RecipeHandlerBlastFurnace,usage
witchinggadgets.client.nei.NEIInfernalBlastfurnaceHandler,usage
alkalus.main.nei.NEI_Handler_Distillery,usage
forestry.factory.recipes.nei.NEIHandlerFabricator,usage
ic2.neiIntegration.core.recipehandler.MetalFormerRecipeHandlerCutting,usage
gregtech.nei.GTNEIDefaultHandler,usage
gregtech.nei.GTNEIDefaultHandler,usage
gregtech.nei.GTNEIDefaultHandler,usage
gregtech.nei.GTNEIDefaultHandler,usage
gregtech.nei.GTNEIDefaultHandler,usage
gregtech.nei.GTNEIDefaultHandler,usage
gregtech.nei.GTNEIDefaultHandler,usage
gregtech.nei.GTNEIDefaultHandler,usage
gregtech.nei.GTNEIDefaultHandler,usage
gregtech.nei.GTNEIDefaultHandler,usage
gregtech.nei.GTNEIDefaultHandler,usage
gregtech.nei.GTNEIDefaultHandler,usage
gregtech.nei.GTNEIDefaultHandler,usage
gregtech.nei.GTNEIDefaultHandler,usage
gregtech.nei.GTNEIDefaultHandler,usage
gregtech.nei.GTNEIDefaultHandler,usage
gregtech.nei.GTNEIDefaultHandler,usage
gregtech.nei.GTNEIDefaultHandler,usage
gregtech.nei.GTNEIDefaultHandler,usage
gregtech.nei.GTNEIDefaultHandler,usage
gregtech.nei.GTNEIDefaultHandler,usage
gregtech.nei.GTNEIDefaultHandler,usage
gregtech.nei.GTNEIDefaultHandler,usage
gregtech.nei.GTNEIDefaultHandler,usage
gregtech.nei.GTNEIDefaultHandler,usage
gregtech.nei.GTNEIDefaultHandler,usage
gregtech.nei.GTNEIDefaultHandler,usage
gregtech.nei.GTNEIDefaultHandler,usage
gregtech.nei.GTNEIDefaultHandler,usage
gregtech.nei.GTNEIDefaultHandler,usage
gregtech.nei.GTNEIDefaultHandler,usage
gregtech.nei.GTNEIDefaultHandler,usage
gregtech.nei.GTNEIDefaultHandler,usage
gregtech.nei.GTNEIDefaultHandler,usage
gregtech.nei.GTNEIDefaultHandler,usage
gregtech.nei.GTNEIDefaultHandler,usage
gregtech.nei.GTNEIDefaultHandler,usage
gregtech.nei.GTNEIDefaultHandler,usage
gregtech.nei.GTNEIDefaultHandler,usage
gregtech.nei.GTNEIDefaultHandler,usage
gregtech.nei.GTNEIDefaultHandler,usage
gregtech.nei.GTNEIDefaultHandler,usage
gregtech.nei.GTNEIDefaultHandler,usage
gregtech.nei.GTNEIDefaultHandler,usage
gregtech.nei.GTNEIDefaultHandler,usage
gregtech.nei.GTNEIDefaultHandler,usage
gregtech.nei.GTNEIDefaultHandler,usage
gregtech.nei.GTNEIDefaultHandler,usage
gregtech.nei.GTNEIDefaultHandler,usage
gregtech.nei.GTNEIDefaultHandler,usage
gregtech.nei.GTNEIDefaultHandler,usage
gregtech.nei.GTNEIDefaultHandler,usage
gregtech.nei.GTNEIDefaultHandler,usage
gregtech.nei.GTNEIDefaultHandler,usage
gregtech.nei.GTNEIDefaultHandler,usage
gregtech.nei.GTNEIDefaultHandler,usage
gregtech.nei.GTNEIDefaultHandler,usage
gregtech.nei.GTNEIDefaultHandler,usage
gregtech.nei.GTNEIDefaultHandler,usage
gregtech.nei.GTNEIDefaultHandler,usage
gregtech.nei.GTNEIDefaultHandler,usage
gregtech.nei.GTNEIDefaultHandler,usage
gregtech.nei.GTNEIDefaultHandler,usage
gregtech.nei.GTNEIDefaultHandler,usage
gregtech.nei.GTNEIDefaultHandler,usage
gregtech.nei.GTNEIDefaultHandler,usage
gregtech.nei.GTNEIDefaultHandler,usage
gregtech.nei.GTNEIDefaultHandler,usage
gregtech.nei.GTNEIDefaultHandler,usage
gregtech.nei.GTNEIDefaultHandler,usage
gregtech.nei.GTNEIDefaultHandler,usage
gregtech.nei.GTNEIDefaultHandler,usage
gregtech.nei.GTNEIDefaultHandler,usage
gregtech.nei.GTNEIDefaultHandler,usage
gregtech.nei.GTNEIDefaultHandler,usage
gregtech.nei.GTNEIDefaultHandler,usage
gregtech.nei.GTNEIDefaultHandler,usage
gregtech.nei.GTNEIDefaultHandler,usage
gregtech.nei.GTNEIDefaultHandler,usage
gregtech.nei.GTNEIDefaultHandler,usage
gregtech.nei.GTNEIDefaultHandler,usage
gregtech.nei.GTNEIDefaultHandler,usage
gregtech.nei.GTNEIDefaultHandler,usage
gregtech.nei.GTNEIDefaultHandler,usage
gregtech.nei.GTNEIDefaultHandler,usage
gregtech.nei.GTNEIDefaultHandler,usage
gregtech.nei.GTNEIDefaultHandler,usage
gregtech.nei.GTNEIDefaultHandler,usage
gregtech.nei.GTNEIDefaultHandler,usage
gregtech.nei.GTNEIDefaultHandler,usage
gregtech.nei.GTNEIDefaultHandler,usage
gregtech.nei.GTNEIDefaultHandler,usage
gregtech.nei.GTNEIDefaultHandler,usage
gregtech.nei.GTNEIDefaultHandler,usage
gregtech.nei.GTNEIDefaultHandler,usage
gregtech.nei.GTNEIDefaultHandler,usage
gregtech.nei.GTNEIDefaultHandler,usage
gregtech.nei.GTNEIDefaultHandler,usage
gregtech.nei.GTNEIDefaultHandler,usage
gregtech.nei.GTNEIDefaultHandler,usage
gregtech.nei.GTNEIDefaultHandler,usage
gregtech.nei.GTNEIDefaultHandler,usage
gregtech.nei.GTNEIDefaultHandler,usage
gregtech.nei.GTNEIDefaultHandler,usage
gregtech.nei.GTNEIDefaultHandler,usage
gregtech.nei.GTNEIDefaultHandler,usage
gregtech.nei.GTNEIDefaultHandler,usage
gregtech.nei.GTNEIDefaultHandler,usage
gregtech.nei.GTNEIDefaultHandler,usage
gregtech.nei.GTNEIDefaultHandler,usage
gregtech.nei.GTNEIDefaultHandler,usage
gregtech.nei.GTNEIDefaultHandler,usage
gregtech.nei.GTNEIDefaultHandler,usage
gregtech.nei.GTNEIDefaultHandler,usage
gregtech.nei.GTNEIDefaultHandler,usage
gregtech.nei.GTNEIDefaultHandler,usage
gregtech.nei.GTNEIDefaultHandler,usage
gregtech.nei.GTNEIDefaultHandler,usage
gregtech.nei.GTNEIDefaultHandler,usage
gregtech.nei.GTNEIDefaultHandler,usage
gregtech.nei.GTNEIDefaultHandler,usage
gregtech.nei.GTNEIDefaultHandler,usage
gregtech.nei.GTNEIDefaultHandler,usage
gregtech.nei.GTNEIDefaultHandler,usage
gregtech.nei.GTNEIDefaultHandler,usage
gregtech.nei.GTNEIDefaultHandler,usage
gregtech.nei.GTNEIDefaultHandler,usage
gregtech.nei.GTNEIDefaultHandler,usage
gregtech.nei.GTNEIDefaultHandler,usage
gregtech.nei.GTNEIDefaultHandler,usage
gregtech.nei.GTNEIDefaultHandler,usage
gregtech.nei.GTNEIDefaultHandler,usage
gregtech.nei.GTNEIDefaultHandler,usage
gregtech.nei.GTNEIDefaultHandler,usage
gregtech.nei.GTNEIDefaultHandler,usage
gregtech.nei.GTNEIDefaultHandler,usage
gregtech.nei.GTNEIDefaultHandler,usage
gregtech.nei.GTNEIDefaultHandler,usage
gregtech.nei.GTNEIDefaultHandler,usage
gregtech.nei.GTNEIDefaultHandler,usage
gregtech.nei.GTNEIDefaultHandler,usage
gregtech.nei.GTNEIDefaultHandler,usage
gregtech.nei.GTNEIDefaultHandler,usage
gregtech.nei.GTNEIDefaultHandler,usage
gregtech.nei.GTNEIDefaultHandler,usage
gregtech.nei.GTNEIDefaultHandler,usage
gregtech.nei.GTNEIDefaultHandler,usage
gregtech.nei.GTNEIDefaultHandler,usage
gregtech.nei.GTNEIDefaultHandler,usage
gregtech.nei.GTNEIDefaultHandler,usage
gregtech.nei.GTNEIDefaultHandler,usage
gregtech.nei.GTNEIDefaultHandler,usage
gregtech.nei.GTNEIDefaultHandler,usage
gregtech.nei.GTNEIDefaultHandler,usage
gregtech.nei.GTNEIDefaultHandler,usage
gregtech.nei.GTNEIDefaultHandler,usage
gregtech.nei.GTNEIDefaultHandler,usage
gregtech.nei.GTNEIDefaultHandler,usage
gregtech.nei.GTNEIDefaultHandler,usage
gregtech.nei.GTNEIDefaultHandler,usage
gregtech.nei.GTNEIDefaultHandler,usage
gregtech.nei.GTNEIDefaultHandler,usage
gregtech.nei.GTNEIDefaultHandler,usage
gregtech.nei.GTNEIDefaultHandler,usage
gregtech.nei.GTNEIDefaultHandler,usage
gregtech.nei.GTNEIDefaultHandler,usage
gregtech.nei.GTNEIDefaultHandler,usage
gregtech.nei.GTNEIDefaultHandler,usage
gregtech.nei.GTNEIDefaultHandler,usage
gregtech.nei.GTNEIDefaultHandler,usage
gregtech.nei.GTNEIDefaultHandler,usage
gregtech.nei.GTNEIDefaultHandler,usage
gregtech.nei.GTNEIDefaultHandler,usage
gregtech.nei.GTNEIDefaultHandler,usage
gregtech.nei.GTNEIDefaultHandler,usage
gregtech.nei.GTNEIDefaultHandler,usage
gregtech.nei.GTNEIDefaultHandler,usage
gregtech.nei.GTNEIDefaultHandler,usage
gregtech.nei.GTNEIDefaultHandler,usage
gregtech.nei.GTNEIDefaultHandler,usage
gregtech.nei.GTNEIDefaultHandler,usage
gregtech.nei.GTNEIDefaultHandler,usage
gregtech.nei.GTNEIDefaultHandler,usage
gregtech.nei.GTNEIDefaultHandler,usage
gregtech.nei.GTNEIDefaultHandler,usage
gregtech.nei.GTNEIDefaultHandler,usage
gregtech.nei.GTNEIDefaultHandler,usage
gregtech.nei.GTNEIDefaultHandler,usage
gregtech.nei.GTNEIDefaultHandler,usage
gregtech.nei.GTNEIDefaultHandler,usage
gregtech.nei.GTNEIDefaultHandler,usage
gregtech.nei.GTNEIDefaultHandler,usage
gregtech.nei.GTNEIDefaultHandler,usage
gregtech.nei.GTNEIDefaultHandler,usage
gregtech.nei.GTNEIDefaultHandler,usage
gregtech.nei.GTNEIDefaultHandler,usage
gregtech.nei.GTNEIDefaultHandler,usage
gregtech.nei.GTNEIDefaultHandler,usage
gregtech.nei.GTNEIDefaultHandler,usage
gregtech.nei.GTNEIDefaultHandler,usage
gregtech.nei.GTNEIDefaultHandler,usage
gregtech.nei.GTNEIDefaultHandler,usage
gregtech.nei.GTNEIDefaultHandler,usage
gregtech.nei.GTNEIDefaultHandler,usage
gregtech.nei.GTNEIDefaultHandler,usage
gregtech.nei.GTNEIDefaultHandler,usage
gregtech.nei.GTNEIDefaultHandler,usage
gregtech.nei.GTNEIDefaultHandler,usage
gregtech.nei.GTNEIDefaultHandler,usage
gregtech.nei.GTNEIDefaultHandler,usage
gregtech.nei.GTNEIDefaultHandler,usage
gregtech.nei.GTNEIDefaultHandler,usage
gregtech.nei.GTNEIDefaultHandler,usage
gregtech.nei.GTNEIDefaultHandler,usage
gregtech.nei.GTNEIDefaultHandler,usage
gregtech.nei.GTNEIDefaultHandler,usage
gregtech.nei.GTNEIDefaultHandler,usage
gregtech.nei.GTNEIDefaultHandler,usage
gregtech.nei.GTNEIDefaultHandler,usage
gregtech.nei.GTNEIDefaultHandler,usage
gregtech.nei.GTNEIDefaultHandler,usage
gregtech.nei.GTNEIDefaultHandler,usage
gregtech.nei.GTNEIDefaultHandler,usage
gregtech.nei.GTNEIDefaultHandler,usage
gregtech.nei.GTNEIDefaultHandler,usage
gregtech.nei.GTNEIDefaultHandler,usage
gregtech.nei.GTNEIDefaultHandler,usage
gregtech.nei.GTNEIDefaultHandler,usage
gregtech.nei.GTNEIDefaultHandler,usage
gregtech.nei.GTNEIDefaultHandler,usage
gregtech.nei.GTNEIDefaultHandler,usage
gregtech.nei.GTNEIDefaultHandler,usage
gregtech.nei.GTNEIDefaultHandler,usage
gregtech.nei.GTNEIDefaultHandler,usage
gregtech.nei.GTNEIDefaultHandler,usage
gregtech.nei.GTNEIDefaultHandler,usage
gregtech.nei.GTNEIDefaultHandler,usage
gregtech.nei.GTNEIDefaultHandler,usage
gregtech.nei.GTNEIDefaultHandler,usage
gregtech.nei.GTNEIDefaultHandler,usage
gregtech.nei.GTNEIDefaultHandler,usage
gregtech.nei.GTNEIDefaultHandler,usage
gregtech.nei.GTNEIDefaultHandler,usage
gregtech.nei.GTNEIDefaultHandler,usage
gregtech.nei.GTNEIDefaultHandler,usage
gregtech.nei.GTNEIDefaultHandler,usage
gregtech.nei.GTNEIDefaultHandler,usage
gregtech.nei.GTNEIDefaultHandler,usage
gregtech.nei.GTNEIDefaultHandler,usage
gregtech.nei.GTNEIDefaultHandler,usage
gregtech.nei.GTNEIDefaultHandler,usage
gregtech.nei.GTNEIDefaultHandler,usage
gregtech.nei.GTNEIDefaultHandler,usage
gregtech.nei.GTNEIDefaultHandler,usage
gregtech.nei.GTNEIDefaultHandler,usage
gregtech.nei.GTNEIDefaultHandler,usage
gregtech.nei.GTNEIDefaultHandler,usage
gregtech.nei.GTNEIDefaultHandler,usage
gregtech.nei.GTNEIDefaultHandler,usage
gregtech.nei.GTNEIDefaultHandler,usage
gregtech.nei.GTNEIDefaultHandler,usage
gregtech.nei.GTNEIDefaultHandler,usage
gregtech.nei.GTNEIDefaultHandler,usage
gregtech.nei.GTNEIDefaultHandler,usage
gregtech.nei.GTNEIDefaultHandler,usage
gregtech.nei.GTNEIDefaultHandler,usage
gregtech.nei.GTNEIDefaultHandler,usage
gregtech.nei.GTNEIDefaultHandler,usage
gregtech.nei.GTNEIDefaultHandler,usage
gregtech.nei.GTNEIDefaultHandler,usage
gregtech.nei.GTNEIDefaultHandler,usage
gregtech.nei.GTNEIDefaultHandler,usage
gregtech.nei.GTNEIDefaultHandler,usage
gregtech.nei.GTNEIDefaultHandler,usage
gregtech.nei.GTNEIDefaultHandler,usage
gregtech.nei.GTNEIImprintHandler,usage
gregtech.nei.GTNEIMacerationStackConversion,usage
binnie.genetics.nei.GenepoolRecipeHandler,usage
vazkii.botania.client.integration.nei.recipe.RecipeHandlerFloatingFlowers,usage
alkalus.main.nei.NEI_Handler_Kettle,usage
WayofTime.alchemicalWizardry.client.nei.NEIBindingRitualHandler,usage
ic2.neiIntegration.core.recipehandler.MetalFormerRecipeHandlerRolling,usage
binnie.extratrees.nei.NEIHandlerLumbermill,usage
binnie.genetics.nei.AcclimatiserRecipeHandler,usage
tconstruct.plugins.nei.RecipeHandlerDryingRack,usage
tconstruct.plugins.nei.RecipeHandlerToolMaterials,usage
tconstruct.plugins.nei.RecipeHandlerMelting,usage
tconstruct.plugins.nei.RecipeHandlerAlloying,usage
tconstruct.plugins.nei.RecipeHandlerCastingTable,usage
tconstruct.plugins.nei.RecipeHandlerCastingBasin,usage
vazkii.botania.client.integration.nei.recipe.RecipeHandlerPetalApothecary,usage
alkalus.main.nei.NEI_Handler_Cauldron,usage
forestry.factory.recipes.nei.NEIHandlerFermenter,usage
WayofTime.alchemicalWizardry.client.nei.NEIMeteorRecipeHandler,usage
ic2.neiIntegration.core.recipehandler.CentrifugeRecipeHandler,usage
net.bdew.neiaddons.forestry.bees.BeeBreedingHandler,usage
binnie.genetics.nei.SplicerRecipeHandler,usage
net.bdew.neiaddons.forestry.bees.BeeProduceHandler,usage
crazypants.enderio.nei.SagMillRecipeHandler,usage
tonius.neiintegration.mods.railcraft.RecipeHandlerCokeOven,usage
vazkii.botania.client.integration.nei.recipe.RecipeHandlerRunicAltar,usage
alkalus.main.nei.NEI_Handler_SpinningWheel,usage
WayofTime.alchemicalWizardry.client.nei.NEICalcinatorHandler,usage
ic2.neiIntegration.core.recipehandler.BlockCutterRecipeHandler,usage
binnie.genetics.nei.DatabaseRecipeHandler,usage
thaumic.tinkerer.client.nei.NEINecromancyHandler,usage
vazkii.botania.client.integration.nei.recipe.RecipeHandlerManaPool,usage
forestry.factory.recipes.nei.NEIHandlerMoistener,usage
ic2.neiIntegration.core.recipehandler.OreWashingRecipeHandler,usage
thaumic.tinkerer.client.nei.NEIInfusedSeedRecipeHandler,usage
crazypants.enderio.nei.VatRecipeHandler,usage
vazkii.botania.client.integration.nei.recipe.RecipeHandlerElvenTrade,usage
galaxyspace.core.nei.CustomRockRecipeHandler,usage
crazypants.enderio.nei.EnchanterRecipeHandler,usage
tonius.neiintegration.mods.railcraft.RecipeHandlerRockCrusher,usage
vazkii.botania.client.integration.nei.recipe.RecipeHandlerBrewery,usage
forestry.factory.recipes.nei.NEIHandlerSqueezer,usage
ic2.neiIntegration.core.recipehandler.SolidCannerRecipeHandler,usage
vazkii.botania.client.integration.nei.recipe.RecipeHandlerPureDaisy,usage
ic2.neiIntegration.core.recipehandler.BlastFurnaceRecipeHandler,usage
crazypants.enderio.nei.SliceAndSpliceRecipeHandler,usage
tonius.neiintegration.mods.railcraft.RecipeHandlerRollingMachineShaped,usage
vazkii.botania.client.integration.nei.recipe.RecipeHandlerLexicaBotania,usage
forestry.factory.recipes.nei.NEIHandlerStill,usage
ic2.neiIntegration.core.recipehandler.LatheRecipeHandler,usage
tonius.neiintegration.mods.railcraft.RecipeHandlerRollingMachineShapeless,usage
net.bdew.gendustry.nei.MutagenProducerHandler,usage
ic2.neiIntegration.core.recipehandler.FluidCannerRecipeHandler,usage
crazypants.enderio.nei.SoulBinderRecipeHandler,usage
net.bdew.neiaddons.forestry.trees.TreeBreedingHandler,usage
net.bdew.neiaddons.forestry.trees.TreeProduceHandler,usage
net.bdew.neiaddons.forestry.butterflies.ButterflyBreedingHandler,usage
net.bdew.gendustry.nei.MutatronHandler,usage
net.bdew.gendustry.nei.SamplerHandler,usage
net.bdew.gendustry.nei.ImprinterHandler,usage
net.bdew.gendustry.nei.ExtractorHandler,usage
cn.dancingsnow.aeinfinitycell.nei.InfinityCellViewHandler,usage
net.bdew.gendustry.nei.LiquifierHandler,usage
com.rwtema.extrautils.nei.EnderConstructorHandler,usage
net.bdew.gendustry.nei.ReplicatorHandler,usage
com.rwtema.extrautils.nei.InfoHandler,usage
net.bdew.gendustry.nei.TransposerHandler,usage
com.rwtema.extrautils.nei.SoulHandler,usage
com.rwtema.extrautils.nei.FMPMicroBlocksHandler,usage
com.rwtema.extrautils.nei.MicroBlocksHandler,usage
blockrenderer6343.integration.gregtech.GTNEIMultiblockHandler,usage
